<?xml version='1.0' encoding='UTF-8'?>
<hudson.scm.CVSSCM_-DescriptorImpl plugin="cvs@2.11">
  <generation>1</generation>
  <compressionLevel>3</compressionLevel>
  <privateKeyLocation>/var/lib/jenkins/.ssh/id_rsa</privateKeyLocation>
  <privateKeyPassword>FXD6CL8v4TM+PUiV1KWg0Tnb7vwGGbrfaa3nQB0nan4i7PwvL3S2ftX/yiCC5MKPg3TTK/rqi3/1U2QWWgiJdqUffDk0ruBtrerzTvkhvoM=</privateKeyPassword>
  <knownHostsLocation>/var/lib/jenkins/.ssh/known_hosts</knownHostsLocation>
  <authTokens/>
  <changelogEncoding>UTF-8</changelogEncoding>
</hudson.scm.CVSSCM_-DescriptorImpl>