<?xml version='1.0' encoding='UTF-8'?>
<org.jvnet.hudson.plugins.SSHBuildWrapper_-DescriptorImpl plugin="ssh@2.4">
  <sites>
    <org.jvnet.hudson.plugins.SSHSite>
      <hostname>mon2home</hostname>
      <port>22</port>
      <username>mon2</username>
      <password>2c4ukb11</password>
      <keyfile></keyfile>
      <serverAliveInterval>0</serverAliveInterval>
      <pty>false</pty>
    </org.jvnet.hudson.plugins.SSHSite>
  </sites>
</org.jvnet.hudson.plugins.SSHBuildWrapper_-DescriptorImpl>