<?xml version='1.0' encoding='UTF-8'?>
<hudsonSecurityManager>
  <securityRealm class="hudson.security.HudsonPrivateSecurityRealm">
    <disableSignup>false</disableSignup>
    <enableCaptcha>false</enableCaptcha>
    <notifyUser>true</notifyUser>
  </securityRealm>
  <authorizationStrategy class="hudson.security.GlobalMatrixAuthorizationStrategy">
    <permission>hudson.model.Computer.Configure:admin</permission>
    <permission>hudson.model.Computer.Delete:admin</permission>
    <permission>hudson.model.Hudson.Administer:admin</permission>
    <permission>hudson.model.Hudson.Read:admin</permission>
    <permission>hudson.model.Item.Build:admin</permission>
    <permission>hudson.model.Item.Configure:admin</permission>
    <permission>hudson.model.Item.Create:admin</permission>
    <permission>hudson.model.Item.Delete:admin</permission>
    <permission>hudson.model.Item.Read:admin</permission>
    <permission>hudson.model.Run.Delete:admin</permission>
    <permission>hudson.model.View.Configure:admin</permission>
    <permission>hudson.model.View.Create:admin</permission>
    <permission>hudson.model.View.Delete:admin</permission>
    <permission>hudson.scm.SCM.Tag:admin</permission>
  </authorizationStrategy>
  <useSecurity>true</useSecurity>
  <markupFormatter class="hudson.markup.RawHtmlMarkupFormatter"/>
</hudsonSecurityManager>