<?xml version='1.0' encoding='UTF-8'?>
<hudson.plugins.disk__usage.ProjectDiskUsage plugin="disk-usage@0.23">
  <diskUsageWithoutBuilds>15359</diskUsageWithoutBuilds>
  <slaveWorkspacesUsage class="concurrent-hash-map">
    <entry>
      <string></string>
      <concurrent-hash-map>
        <entry>
          <string>/var/lib/jenkins/jobs/standalone invoicebinder/workspace/default</string>
          <long>1195573055</long>
        </entry>
      </concurrent-hash-map>
    </entry>
  </slaveWorkspacesUsage>
</hudson.plugins.disk__usage.ProjectDiskUsage>