<?xml version='1.0' encoding='UTF-8'?>
<hudson.plugins.disk__usage.DiskUsageProjectActionFactory_-DescriptorImpl plugin="disk-usage@0.23">
  <countIntervalBuilds>0 */6 * * *</countIntervalBuilds>
  <calculationBuilds>true</calculationBuilds>
  <countIntervalJobs>0 */6 * * *</countIntervalJobs>
  <calculationJobs>true</calculationJobs>
  <countIntervalWorkspace>0 */6 * * *</countIntervalWorkspace>
  <calculationWorkspace>true</calculationWorkspace>
  <checkWorkspaceOnSlave>false</checkWorkspaceOnSlave>
  <showFreeSpaceForJobDirectory>true</showFreeSpaceForJobDirectory>
  <diskUsageBuilds>0</diskUsageBuilds>
  <diskUsageJobsWithoutBuilds>0</diskUsageJobsWithoutBuilds>
  <diskUsageWorkspaces>0</diskUsageWorkspaces>
  <diskUsageLockedBuilds>0</diskUsageLockedBuilds>
  <showGraph>false</showGraph>
  <historyLength>183</historyLength>
  <history class="hudson.plugins.disk_usage.DiskUsageProjectActionFactory$DescriptorImpl$1" serialization="custom">
    <unserializable-parents/>
    <linked-list>
      <default/>
      <int>26</int>
      <hudson.plugins.disk__usage.DiskUsageOvearallGraphGenerator_-DiskUsageRecord>
        <buildUsage>511466</buildUsage>
        <wsUsage>190814983</wsUsage>
        <date class="hudson.plugins.disk_usage.DiskUsageOvearallGraphGenerator$DiskUsageRecord$1" serialization="custom">
          <date>
            <long>1392718220431</long>
          </date>
          <hudson.plugins.disk__usage.DiskUsageOvearallGraphGenerator_-DiskUsageRecord_-1>
            <default>
              <outer-class reference="../../../.."/>
            </default>
          </hudson.plugins.disk__usage.DiskUsageOvearallGraphGenerator_-DiskUsageRecord_-1>
        </date>
        <jobsWithoutBuildsUsage>639969890</jobsWithoutBuildsUsage>
        <allSpace>483668549632</allSpace>
      </hudson.plugins.disk__usage.DiskUsageOvearallGraphGenerator_-DiskUsageRecord>
      <hudson.plugins.disk__usage.DiskUsageOvearallGraphGenerator_-DiskUsageRecord>
        <buildUsage>472879</buildUsage>
        <wsUsage>646294974</wsUsage>
        <date class="hudson.plugins.disk_usage.DiskUsageOvearallGraphGenerator$DiskUsageRecord$1" serialization="custom">
          <date>
            <long>1393439377587</long>
          </date>
          <hudson.plugins.disk__usage.DiskUsageOvearallGraphGenerator_-DiskUsageRecord_-1>
            <default>
              <outer-class reference="../../../.."/>
            </default>
          </hudson.plugins.disk__usage.DiskUsageOvearallGraphGenerator_-DiskUsageRecord_-1>
        </date>
        <jobsWithoutBuildsUsage>646088373</jobsWithoutBuildsUsage>
        <allSpace>483668549632</allSpace>
      </hudson.plugins.disk__usage.DiskUsageOvearallGraphGenerator_-DiskUsageRecord>
      <hudson.plugins.disk__usage.DiskUsageOvearallGraphGenerator_-DiskUsageRecord>
        <buildUsage>1531327</buildUsage>
        <wsUsage>192276595</wsUsage>
        <date class="hudson.plugins.disk_usage.DiskUsageOvearallGraphGenerator$DiskUsageRecord$1" serialization="custom">
          <date>
            <long>1395549126496</long>
          </date>
          <hudson.plugins.disk__usage.DiskUsageOvearallGraphGenerator_-DiskUsageRecord_-1>
            <default>
              <outer-class reference="../../../.."/>
            </default>
          </hudson.plugins.disk__usage.DiskUsageOvearallGraphGenerator_-DiskUsageRecord_-1>
        </date>
        <jobsWithoutBuildsUsage>592976310</jobsWithoutBuildsUsage>
        <allSpace>483668549632</allSpace>
      </hudson.plugins.disk__usage.DiskUsageOvearallGraphGenerator_-DiskUsageRecord>
      <hudson.plugins.disk__usage.DiskUsageOvearallGraphGenerator_-DiskUsageRecord>
        <buildUsage>901942</buildUsage>
        <wsUsage>664414889</wsUsage>
        <date class="hudson.plugins.disk_usage.DiskUsageOvearallGraphGenerator$DiskUsageRecord$1" serialization="custom">
          <date>
            <long>1396055342694</long>
          </date>
          <hudson.plugins.disk__usage.DiskUsageOvearallGraphGenerator_-DiskUsageRecord_-1>
            <default>
              <outer-class reference="../../../.."/>
            </default>
          </hudson.plugins.disk__usage.DiskUsageOvearallGraphGenerator_-DiskUsageRecord_-1>
        </date>
        <jobsWithoutBuildsUsage>664465866</jobsWithoutBuildsUsage>
        <allSpace>483668549632</allSpace>
      </hudson.plugins.disk__usage.DiskUsageOvearallGraphGenerator_-DiskUsageRecord>
      <hudson.plugins.disk__usage.DiskUsageOvearallGraphGenerator_-DiskUsageRecord>
        <buildUsage>1150768</buildUsage>
        <wsUsage>191056205</wsUsage>
        <date class="hudson.plugins.disk_usage.DiskUsageOvearallGraphGenerator$DiskUsageRecord$1" serialization="custom">
          <date>
            <long>1396159219637</long>
          </date>
          <hudson.plugins.disk__usage.DiskUsageOvearallGraphGenerator_-DiskUsageRecord_-1>
            <default>
              <outer-class reference="../../../.."/>
            </default>
          </hudson.plugins.disk__usage.DiskUsageOvearallGraphGenerator_-DiskUsageRecord_-1>
        </date>
        <jobsWithoutBuildsUsage>572381280</jobsWithoutBuildsUsage>
        <allSpace>483668549632</allSpace>
      </hudson.plugins.disk__usage.DiskUsageOvearallGraphGenerator_-DiskUsageRecord>
      <hudson.plugins.disk__usage.DiskUsageOvearallGraphGenerator_-DiskUsageRecord>
        <buildUsage>1472865</buildUsage>
        <wsUsage>582020358</wsUsage>
        <date class="hudson.plugins.disk_usage.DiskUsageOvearallGraphGenerator$DiskUsageRecord$1" serialization="custom">
          <date>
            <long>1396769424761</long>
          </date>
          <hudson.plugins.disk__usage.DiskUsageOvearallGraphGenerator_-DiskUsageRecord_-1>
            <default>
              <outer-class reference="../../../.."/>
            </default>
          </hudson.plugins.disk__usage.DiskUsageOvearallGraphGenerator_-DiskUsageRecord_-1>
        </date>
        <jobsWithoutBuildsUsage>572584884</jobsWithoutBuildsUsage>
        <allSpace>483668549632</allSpace>
      </hudson.plugins.disk__usage.DiskUsageOvearallGraphGenerator_-DiskUsageRecord>
      <hudson.plugins.disk__usage.DiskUsageOvearallGraphGenerator_-DiskUsageRecord>
        <buildUsage>1448943</buildUsage>
        <wsUsage>191617084</wsUsage>
        <date class="hudson.plugins.disk_usage.DiskUsageOvearallGraphGenerator$DiskUsageRecord$1" serialization="custom">
          <date>
            <long>1397152449073</long>
          </date>
          <hudson.plugins.disk__usage.DiskUsageOvearallGraphGenerator_-DiskUsageRecord_-1>
            <default>
              <outer-class reference="../../../.."/>
            </default>
          </hudson.plugins.disk__usage.DiskUsageOvearallGraphGenerator_-DiskUsageRecord_-1>
        </date>
        <jobsWithoutBuildsUsage>582072526</jobsWithoutBuildsUsage>
        <allSpace>483668549632</allSpace>
      </hudson.plugins.disk__usage.DiskUsageOvearallGraphGenerator_-DiskUsageRecord>
      <hudson.plugins.disk__usage.DiskUsageOvearallGraphGenerator_-DiskUsageRecord>
        <buildUsage>4165450</buildUsage>
        <wsUsage>191072555</wsUsage>
        <date class="hudson.plugins.disk_usage.DiskUsageOvearallGraphGenerator$DiskUsageRecord$1" serialization="custom">
          <date>
            <long>1397370041055</long>
          </date>
          <hudson.plugins.disk__usage.DiskUsageOvearallGraphGenerator_-DiskUsageRecord_-1>
            <default>
              <outer-class reference="../../../.."/>
            </default>
          </hudson.plugins.disk__usage.DiskUsageOvearallGraphGenerator_-DiskUsageRecord_-1>
        </date>
        <jobsWithoutBuildsUsage>577848058</jobsWithoutBuildsUsage>
        <allSpace>483668549632</allSpace>
      </hudson.plugins.disk__usage.DiskUsageOvearallGraphGenerator_-DiskUsageRecord>
      <hudson.plugins.disk__usage.DiskUsageOvearallGraphGenerator_-DiskUsageRecord>
        <buildUsage>4893893</buildUsage>
        <wsUsage>515017814</wsUsage>
        <date class="hudson.plugins.disk_usage.DiskUsageOvearallGraphGenerator$DiskUsageRecord$1" serialization="custom">
          <date>
            <long>1397746050649</long>
          </date>
          <hudson.plugins.disk__usage.DiskUsageOvearallGraphGenerator_-DiskUsageRecord_-1>
            <default>
              <outer-class reference="../../../.."/>
            </default>
          </hudson.plugins.disk__usage.DiskUsageOvearallGraphGenerator_-DiskUsageRecord_-1>
        </date>
        <jobsWithoutBuildsUsage>515068791</jobsWithoutBuildsUsage>
        <allSpace>483668549632</allSpace>
      </hudson.plugins.disk__usage.DiskUsageOvearallGraphGenerator_-DiskUsageRecord>
      <hudson.plugins.disk__usage.DiskUsageOvearallGraphGenerator_-DiskUsageRecord>
        <buildUsage>1004405</buildUsage>
        <wsUsage>191505887</wsUsage>
        <date class="hudson.plugins.disk_usage.DiskUsageOvearallGraphGenerator$DiskUsageRecord$1" serialization="custom">
          <date>
            <long>1397798542957</long>
          </date>
          <hudson.plugins.disk__usage.DiskUsageOvearallGraphGenerator_-DiskUsageRecord_-1>
            <default>
              <outer-class reference="../../../.."/>
            </default>
          </hudson.plugins.disk__usage.DiskUsageOvearallGraphGenerator_-DiskUsageRecord_-1>
        </date>
        <jobsWithoutBuildsUsage>515059520</jobsWithoutBuildsUsage>
        <allSpace>483668549632</allSpace>
      </hudson.plugins.disk__usage.DiskUsageOvearallGraphGenerator_-DiskUsageRecord>
      <hudson.plugins.disk__usage.DiskUsageOvearallGraphGenerator_-DiskUsageRecord>
        <buildUsage>1413664</buildUsage>
        <wsUsage>191887692</wsUsage>
        <date class="hudson.plugins.disk_usage.DiskUsageOvearallGraphGenerator$DiskUsageRecord$1" serialization="custom">
          <date>
            <long>1397929667052</long>
          </date>
          <hudson.plugins.disk__usage.DiskUsageOvearallGraphGenerator_-DiskUsageRecord_-1>
            <default>
              <outer-class reference="../../../.."/>
            </default>
          </hudson.plugins.disk__usage.DiskUsageOvearallGraphGenerator_-DiskUsageRecord_-1>
        </date>
        <jobsWithoutBuildsUsage>577460014</jobsWithoutBuildsUsage>
        <allSpace>483668549632</allSpace>
      </hudson.plugins.disk__usage.DiskUsageOvearallGraphGenerator_-DiskUsageRecord>
      <hudson.plugins.disk__usage.DiskUsageOvearallGraphGenerator_-DiskUsageRecord>
        <buildUsage>1355663</buildUsage>
        <wsUsage>580216380</wsUsage>
        <date class="hudson.plugins.disk_usage.DiskUsageOvearallGraphGenerator$DiskUsageRecord$1" serialization="custom">
          <date>
            <long>1398194629719</long>
          </date>
          <hudson.plugins.disk__usage.DiskUsageOvearallGraphGenerator_-DiskUsageRecord_-1>
            <default>
              <outer-class reference="../../../.."/>
            </default>
          </hudson.plugins.disk__usage.DiskUsageOvearallGraphGenerator_-DiskUsageRecord_-1>
        </date>
        <jobsWithoutBuildsUsage>578953467</jobsWithoutBuildsUsage>
        <allSpace>483668549632</allSpace>
      </hudson.plugins.disk__usage.DiskUsageOvearallGraphGenerator_-DiskUsageRecord>
      <hudson.plugins.disk__usage.DiskUsageOvearallGraphGenerator_-DiskUsageRecord>
        <buildUsage>1392909</buildUsage>
        <wsUsage>192564712</wsUsage>
        <date class="hudson.plugins.disk_usage.DiskUsageOvearallGraphGenerator$DiskUsageRecord$1" serialization="custom">
          <date>
            <long>1398518487231</long>
          </date>
          <hudson.plugins.disk__usage.DiskUsageOvearallGraphGenerator_-DiskUsageRecord_-1>
            <default>
              <outer-class reference="../../../.."/>
            </default>
          </hudson.plugins.disk__usage.DiskUsageOvearallGraphGenerator_-DiskUsageRecord_-1>
        </date>
        <jobsWithoutBuildsUsage>584500993</jobsWithoutBuildsUsage>
        <allSpace>483668549632</allSpace>
      </hudson.plugins.disk__usage.DiskUsageOvearallGraphGenerator_-DiskUsageRecord>
      <hudson.plugins.disk__usage.DiskUsageOvearallGraphGenerator_-DiskUsageRecord>
        <buildUsage>1392909</buildUsage>
        <wsUsage>192564712</wsUsage>
        <date class="hudson.plugins.disk_usage.DiskUsageOvearallGraphGenerator$DiskUsageRecord$1" serialization="custom">
          <date>
            <long>1398520731472</long>
          </date>
          <hudson.plugins.disk__usage.DiskUsageOvearallGraphGenerator_-DiskUsageRecord_-1>
            <default>
              <outer-class reference="../../../.."/>
            </default>
          </hudson.plugins.disk__usage.DiskUsageOvearallGraphGenerator_-DiskUsageRecord_-1>
        </date>
        <jobsWithoutBuildsUsage>584500993</jobsWithoutBuildsUsage>
        <allSpace>483668549632</allSpace>
      </hudson.plugins.disk__usage.DiskUsageOvearallGraphGenerator_-DiskUsageRecord>
      <hudson.plugins.disk__usage.DiskUsageOvearallGraphGenerator_-DiskUsageRecord>
        <buildUsage>1392909</buildUsage>
        <wsUsage>192564712</wsUsage>
        <date class="hudson.plugins.disk_usage.DiskUsageOvearallGraphGenerator$DiskUsageRecord$1" serialization="custom">
          <date>
            <long>1398584143788</long>
          </date>
          <hudson.plugins.disk__usage.DiskUsageOvearallGraphGenerator_-DiskUsageRecord_-1>
            <default>
              <outer-class reference="../../../.."/>
            </default>
          </hudson.plugins.disk__usage.DiskUsageOvearallGraphGenerator_-DiskUsageRecord_-1>
        </date>
        <jobsWithoutBuildsUsage>584500993</jobsWithoutBuildsUsage>
        <allSpace>483668549632</allSpace>
      </hudson.plugins.disk__usage.DiskUsageOvearallGraphGenerator_-DiskUsageRecord>
      <hudson.plugins.disk__usage.DiskUsageOvearallGraphGenerator_-DiskUsageRecord>
        <buildUsage>17537</buildUsage>
        <wsUsage>8192</wsUsage>
        <date class="hudson.plugins.disk_usage.DiskUsageOvearallGraphGenerator$DiskUsageRecord$1" serialization="custom">
          <date>
            <long>1401141315027</long>
          </date>
          <hudson.plugins.disk__usage.DiskUsageOvearallGraphGenerator_-DiskUsageRecord_-1>
            <default>
              <outer-class reference="../../../.."/>
            </default>
          </hudson.plugins.disk__usage.DiskUsageOvearallGraphGenerator_-DiskUsageRecord_-1>
        </date>
        <jobsWithoutBuildsUsage>62132</jobsWithoutBuildsUsage>
        <allSpace>21001531392</allSpace>
      </hudson.plugins.disk__usage.DiskUsageOvearallGraphGenerator_-DiskUsageRecord>
      <hudson.plugins.disk__usage.DiskUsageOvearallGraphGenerator_-DiskUsageRecord>
        <buildUsage>2060053</buildUsage>
        <wsUsage>1159488414</wsUsage>
        <date class="hudson.plugins.disk_usage.DiskUsageOvearallGraphGenerator$DiskUsageRecord$1" serialization="custom">
          <date>
            <long>1401223497923</long>
          </date>
          <hudson.plugins.disk__usage.DiskUsageOvearallGraphGenerator_-DiskUsageRecord_-1>
            <default>
              <outer-class reference="../../../.."/>
            </default>
          </hudson.plugins.disk__usage.DiskUsageOvearallGraphGenerator_-DiskUsageRecord_-1>
        </date>
        <jobsWithoutBuildsUsage>1159421246</jobsWithoutBuildsUsage>
        <allSpace>21001531392</allSpace>
      </hudson.plugins.disk__usage.DiskUsageOvearallGraphGenerator_-DiskUsageRecord>
      <hudson.plugins.disk__usage.DiskUsageOvearallGraphGenerator_-DiskUsageRecord>
        <buildUsage>1217056</buildUsage>
        <wsUsage>1159681426</wsUsage>
        <date class="hudson.plugins.disk_usage.DiskUsageOvearallGraphGenerator$DiskUsageRecord$1" serialization="custom">
          <date>
            <long>1401309613707</long>
          </date>
          <hudson.plugins.disk__usage.DiskUsageOvearallGraphGenerator_-DiskUsageRecord_-1>
            <default>
              <outer-class reference="../../../.."/>
            </default>
          </hudson.plugins.disk__usage.DiskUsageOvearallGraphGenerator_-DiskUsageRecord_-1>
        </date>
        <jobsWithoutBuildsUsage>1159646986</jobsWithoutBuildsUsage>
        <allSpace>21001531392</allSpace>
      </hudson.plugins.disk__usage.DiskUsageOvearallGraphGenerator_-DiskUsageRecord>
      <hudson.plugins.disk__usage.DiskUsageOvearallGraphGenerator_-DiskUsageRecord>
        <buildUsage>1010676</buildUsage>
        <wsUsage>1293983508</wsUsage>
        <date class="hudson.plugins.disk_usage.DiskUsageOvearallGraphGenerator$DiskUsageRecord$1" serialization="custom">
          <date>
            <long>1401396013708</long>
          </date>
          <hudson.plugins.disk__usage.DiskUsageOvearallGraphGenerator_-DiskUsageRecord_-1>
            <default>
              <outer-class reference="../../../.."/>
            </default>
          </hudson.plugins.disk__usage.DiskUsageOvearallGraphGenerator_-DiskUsageRecord_-1>
        </date>
        <jobsWithoutBuildsUsage>1159805286</jobsWithoutBuildsUsage>
        <allSpace>21001531392</allSpace>
      </hudson.plugins.disk__usage.DiskUsageOvearallGraphGenerator_-DiskUsageRecord>
      <hudson.plugins.disk__usage.DiskUsageOvearallGraphGenerator_-DiskUsageRecord>
        <buildUsage>1014623</buildUsage>
        <wsUsage>1428270019</wsUsage>
        <date class="hudson.plugins.disk_usage.DiskUsageOvearallGraphGenerator$DiskUsageRecord$1" serialization="custom">
          <date>
            <long>1401482413707</long>
          </date>
          <hudson.plugins.disk__usage.DiskUsageOvearallGraphGenerator_-DiskUsageRecord_-1>
            <default>
              <outer-class reference="../../../.."/>
            </default>
          </hudson.plugins.disk__usage.DiskUsageOvearallGraphGenerator_-DiskUsageRecord_-1>
        </date>
        <jobsWithoutBuildsUsage>1294037276</jobsWithoutBuildsUsage>
        <allSpace>21001531392</allSpace>
      </hudson.plugins.disk__usage.DiskUsageOvearallGraphGenerator_-DiskUsageRecord>
      <hudson.plugins.disk__usage.DiskUsageOvearallGraphGenerator_-DiskUsageRecord>
        <buildUsage>1070097</buildUsage>
        <wsUsage>1497977755</wsUsage>
        <date class="hudson.plugins.disk_usage.DiskUsageOvearallGraphGenerator$DiskUsageRecord$1" serialization="custom">
          <date>
            <long>1401568813707</long>
          </date>
          <hudson.plugins.disk__usage.DiskUsageOvearallGraphGenerator_-DiskUsageRecord_-1>
            <default>
              <outer-class reference="../../../.."/>
            </default>
          </hudson.plugins.disk__usage.DiskUsageOvearallGraphGenerator_-DiskUsageRecord_-1>
        </date>
        <jobsWithoutBuildsUsage>1498031618</jobsWithoutBuildsUsage>
        <allSpace>21001531392</allSpace>
      </hudson.plugins.disk__usage.DiskUsageOvearallGraphGenerator_-DiskUsageRecord>
      <hudson.plugins.disk__usage.DiskUsageOvearallGraphGenerator_-DiskUsageRecord>
        <buildUsage>741740</buildUsage>
        <wsUsage>1498127432</wsUsage>
        <date class="hudson.plugins.disk_usage.DiskUsageOvearallGraphGenerator$DiskUsageRecord$1" serialization="custom">
          <date>
            <long>1401655213707</long>
          </date>
          <hudson.plugins.disk__usage.DiskUsageOvearallGraphGenerator_-DiskUsageRecord_-1>
            <default>
              <outer-class reference="../../../.."/>
            </default>
          </hudson.plugins.disk__usage.DiskUsageOvearallGraphGenerator_-DiskUsageRecord_-1>
        </date>
        <jobsWithoutBuildsUsage>1498181292</jobsWithoutBuildsUsage>
        <allSpace>21001531392</allSpace>
      </hudson.plugins.disk__usage.DiskUsageOvearallGraphGenerator_-DiskUsageRecord>
      <hudson.plugins.disk__usage.DiskUsageOvearallGraphGenerator_-DiskUsageRecord>
        <buildUsage>751224</buildUsage>
        <wsUsage>415016929</wsUsage>
        <date class="hudson.plugins.disk_usage.DiskUsageOvearallGraphGenerator$DiskUsageRecord$1" serialization="custom">
          <date>
            <long>1401685455848</long>
          </date>
          <hudson.plugins.disk__usage.DiskUsageOvearallGraphGenerator_-DiskUsageRecord_-1>
            <default>
              <outer-class reference="../../../.."/>
            </default>
          </hudson.plugins.disk__usage.DiskUsageOvearallGraphGenerator_-DiskUsageRecord_-1>
        </date>
        <jobsWithoutBuildsUsage>1498172021</jobsWithoutBuildsUsage>
        <allSpace>21001531392</allSpace>
      </hudson.plugins.disk__usage.DiskUsageOvearallGraphGenerator_-DiskUsageRecord>
      <hudson.plugins.disk__usage.DiskUsageOvearallGraphGenerator_-DiskUsageRecord>
        <buildUsage>1364144</buildUsage>
        <wsUsage>415062115</wsUsage>
        <date class="hudson.plugins.disk_usage.DiskUsageOvearallGraphGenerator$DiskUsageRecord$1" serialization="custom">
          <date>
            <long>1401720954904</long>
          </date>
          <hudson.plugins.disk__usage.DiskUsageOvearallGraphGenerator_-DiskUsageRecord_-1>
            <default>
              <outer-class reference="../../../.."/>
            </default>
          </hudson.plugins.disk__usage.DiskUsageOvearallGraphGenerator_-DiskUsageRecord_-1>
        </date>
        <jobsWithoutBuildsUsage>1498172021</jobsWithoutBuildsUsage>
        <allSpace>21001531392</allSpace>
      </hudson.plugins.disk__usage.DiskUsageOvearallGraphGenerator_-DiskUsageRecord>
      <hudson.plugins.disk__usage.DiskUsageOvearallGraphGenerator_-DiskUsageRecord>
        <buildUsage>1477286</buildUsage>
        <wsUsage>1498716231</wsUsage>
        <date class="hudson.plugins.disk_usage.DiskUsageOvearallGraphGenerator$DiskUsageRecord$1" serialization="custom">
          <date>
            <long>1401807354856</long>
          </date>
          <hudson.plugins.disk__usage.DiskUsageOvearallGraphGenerator_-DiskUsageRecord_-1>
            <default>
              <outer-class reference="../../../.."/>
            </default>
          </hudson.plugins.disk__usage.DiskUsageOvearallGraphGenerator_-DiskUsageRecord_-1>
        </date>
        <jobsWithoutBuildsUsage>1498271765</jobsWithoutBuildsUsage>
        <allSpace>21001531392</allSpace>
      </hudson.plugins.disk__usage.DiskUsageOvearallGraphGenerator_-DiskUsageRecord>
      <hudson.plugins.disk__usage.DiskUsageOvearallGraphGenerator_-DiskUsageRecord>
        <buildUsage>1483629</buildUsage>
        <wsUsage>1632994874</wsUsage>
        <date class="hudson.plugins.disk_usage.DiskUsageOvearallGraphGenerator$DiskUsageRecord$1" serialization="custom">
          <date>
            <long>1401893754828</long>
          </date>
          <hudson.plugins.disk__usage.DiskUsageOvearallGraphGenerator_-DiskUsageRecord_-1>
            <default>
              <outer-class reference="../../../.."/>
            </default>
          </hudson.plugins.disk__usage.DiskUsageOvearallGraphGenerator_-DiskUsageRecord_-1>
        </date>
        <jobsWithoutBuildsUsage>1633048642</jobsWithoutBuildsUsage>
        <allSpace>21001531392</allSpace>
      </hudson.plugins.disk__usage.DiskUsageOvearallGraphGenerator_-DiskUsageRecord>
    </linked-list>
    <hudson.plugins.disk__usage.DiskUsageProjectActionFactory_-DescriptorImpl_-1>
      <default>
        <outer-class reference="../../../.."/>
      </default>
    </hudson.plugins.disk__usage.DiskUsageProjectActionFactory_-DescriptorImpl_-1>
  </history>
  <timeoutWorkspace>5</timeoutWorkspace>
</hudson.plugins.disk__usage.DiskUsageProjectActionFactory_-DescriptorImpl>