<?xml version='1.0' encoding='UTF-8'?>
<org.jvnet.hudson.plugins.thinbackup.backup.PluginList plugin="thinBackup@1.7.4">
  <plugins>
    <entry>
      <string>ssh-credentials</string>
      <string>1.6.1</string>
    </entry>
    <entry>
      <string>bitbucket-oauth</string>
      <string>0.4</string>
    </entry>
    <entry>
      <string>javadoc</string>
      <string>1.1</string>
    </entry>
    <entry>
      <string>antisamy-markup-formatter</string>
      <string>1.1</string>
    </entry>
    <entry>
      <string>mailer</string>
      <string>1.8</string>
    </entry>
    <entry>
      <string>ssh</string>
      <string>2.4</string>
    </entry>
    <entry>
      <string>next-build-number</string>
      <string>1.1</string>
    </entry>
    <entry>
      <string>maven-plugin</string>
      <string>2.3</string>
    </entry>
    <entry>
      <string>dynamicparameter</string>
      <string>0.2.0</string>
    </entry>
    <entry>
      <string>email-ext</string>
      <string>2.37.2.2</string>
    </entry>
    <entry>
      <string>run-condition</string>
      <string>1.0</string>
    </entry>
    <entry>
      <string>subversion</string>
      <string>1.54</string>
    </entry>
    <entry>
      <string>external-monitor-job</string>
      <string>1.2</string>
    </entry>
    <entry>
      <string>credentials</string>
      <string>1.12</string>
    </entry>
    <entry>
      <string>ssh-slaves</string>
      <string>1.6</string>
    </entry>
    <entry>
      <string>ant</string>
      <string>1.2</string>
    </entry>
    <entry>
      <string>pam-auth</string>
      <string>1.1</string>
    </entry>
    <entry>
      <string>Hudson core</string>
      <string>1.565</string>
    </entry>
    <entry>
      <string>git-client</string>
      <string>1.6.3</string>
    </entry>
    <entry>
      <string>flexible-publish</string>
      <string>0.12</string>
    </entry>
    <entry>
      <string>matrix-auth</string>
      <string>1.2</string>
    </entry>
    <entry>
      <string>git</string>
      <string>2.0.3</string>
    </entry>
    <entry>
      <string>environment-script</string>
      <string>1.1.2</string>
    </entry>
    <entry>
      <string>storable-configs-plugin</string>
      <string>1.0</string>
    </entry>
    <entry>
      <string>ldap</string>
      <string>1.10.2</string>
    </entry>
    <entry>
      <string>preSCMbuildstep</string>
      <string>0.2</string>
    </entry>
    <entry>
      <string>ssh-agent</string>
      <string>1.4.1</string>
    </entry>
    <entry>
      <string>thinBackup</string>
      <string>1.7.4</string>
    </entry>
    <entry>
      <string>database-mysql</string>
      <string>1.0</string>
    </entry>
    <entry>
      <string>translation</string>
      <string>1.10</string>
    </entry>
    <entry>
      <string>scm-api</string>
      <string>0.2</string>
    </entry>
    <entry>
      <string>artifactdeployer</string>
      <string>0.29</string>
    </entry>
    <entry>
      <string>deploy</string>
      <string>1.9</string>
    </entry>
    <entry>
      <string>versionnumber</string>
      <string>1.4.1</string>
    </entry>
    <entry>
      <string>windows-slaves</string>
      <string>1.0</string>
    </entry>
    <entry>
      <string>build-timeout</string>
      <string>1.13</string>
    </entry>
    <entry>
      <string>cvs</string>
      <string>2.11</string>
    </entry>
    <entry>
      <string>jobrevision</string>
      <string>0.6</string>
    </entry>
    <entry>
      <string>ws-cleanup</string>
      <string>0.20</string>
    </entry>
    <entry>
      <string>publish-over-ssh</string>
      <string>1.11</string>
    </entry>
    <entry>
      <string>database</string>
      <string>1.3</string>
    </entry>
    <entry>
      <string>scriptler</string>
      <string>2.7</string>
    </entry>
    <entry>
      <string>timestamper</string>
      <string>1.5.11</string>
    </entry>
    <entry>
      <string>validating-string-parameter</string>
      <string>2.2</string>
    </entry>
    <entry>
      <string>token-macro</string>
      <string>1.10</string>
    </entry>
    <entry>
      <string>matrix-project</string>
      <string>1.2</string>
    </entry>
    <entry>
      <string>git-server</string>
      <string>1.3</string>
    </entry>
    <entry>
      <string>remote-terminal-access</string>
      <string>1.6</string>
    </entry>
    <entry>
      <string>disk-usage</string>
      <string>0.23</string>
    </entry>
    <entry>
      <string>conditional-buildstep</string>
      <string>1.3.3</string>
    </entry>
  </plugins>
</org.jvnet.hudson.plugins.thinbackup.backup.PluginList>