<?xml version='1.0' encoding='UTF-8'?>
<jenkins.plugins.publish__over__ssh.BapSshPublisherPlugin_-Descriptor plugin="publish-over-ssh@1.11">
  <hostConfigurations/>
  <commonConfig>
    <secretPassphrase>aU7L6F9MLZifjcDUEIcxNA0QZNzbeV8K9iIQalmq4GcG403CyurabBpMRyVx1a9TFoWc2GQOR13DsZSKzMiJCCCyJEuLc/uF7JOUVYaClyc=</secretPassphrase>
    <key></key>
    <keyPath></keyPath>
    <disableAllExec>false</disableAllExec>
  </commonConfig>
  <defaults class="jenkins.plugins.publish_over_ssh.options.SshPluginDefaults"/>
</jenkins.plugins.publish__over__ssh.BapSshPublisherPlugin_-Descriptor>