<?xml version='1.0' encoding='UTF-8'?>
<maven-builder-descriptor>
  <helpRedirect/>
  <defaults>
    <installationId>(Bundled)</installationId>
    <goals>clean install</goals>
    <privateRepository>false</privateRepository>
    <privateTmpdir>false</privateTmpdir>
    <pomFile>pom.xml</pomFile>
    <properties>
      <entries/>
    </properties>
    <errors>false</errors>
    <verbosity>NORMAL</verbosity>
    <offline>false</offline>
    <snapshotUpdateMode>NORMAL</snapshotUpdateMode>
    <recursive>true</recursive>
    <checksumMode>NORMAL</checksumMode>
    <failMode>NORMAL</failMode>
    <makeMode>NONE</makeMode>
    <settingsId>NONE</settingsId>
    <globalSettingsId>NONE</globalSettingsId>
    <toolChainsId>NONE</toolChainsId>
  </defaults>
</maven-builder-descriptor>