<?xml version='1.0' encoding='UTF-8'?>
<org.jvnet.hudson.plugins.thinbackup.backup.PluginList plugin="thinBackup@1.7.4">
  <plugins>
    <entry>
      <string>flexible-publish</string>
      <string>0.15.2</string>
    </entry>
    <entry>
      <string>scriptler</string>
      <string>2.7</string>
    </entry>
    <entry>
      <string>ssh</string>
      <string>2.4</string>
    </entry>
    <entry>
      <string>preSCMbuildstep</string>
      <string>0.3</string>
    </entry>
    <entry>
      <string>nodenamecolumn</string>
      <string>1.2</string>
    </entry>
    <entry>
      <string>deploy</string>
      <string>1.10</string>
    </entry>
    <entry>
      <string>environment-script</string>
      <string>1.2.5</string>
    </entry>
    <entry>
      <string>maven-plugin</string>
      <string>2.13</string>
    </entry>
    <entry>
      <string>ldap</string>
      <string>1.12</string>
    </entry>
    <entry>
      <string>next-build-number</string>
      <string>1.4</string>
    </entry>
    <entry>
      <string>git-client</string>
      <string>1.21.0</string>
    </entry>
    <entry>
      <string>scm-api</string>
      <string>1.2</string>
    </entry>
    <entry>
      <string>bitbucket-oauth</string>
      <string>0.5</string>
    </entry>
    <entry>
      <string>scp</string>
      <string>1.8</string>
    </entry>
    <entry>
      <string>email-ext</string>
      <string>2.47</string>
    </entry>
    <entry>
      <string>build-timeout</string>
      <string>1.17.1</string>
    </entry>
    <entry>
      <string>windows-slaves</string>
      <string>1.2</string>
    </entry>
    <entry>
      <string>multi-branch-project-plugin</string>
      <string>0.5.1</string>
    </entry>
    <entry>
      <string>mailer</string>
      <string>1.17</string>
    </entry>
    <entry>
      <string>build-node-column</string>
      <string>0.1</string>
    </entry>
    <entry>
      <string>antisamy-markup-formatter</string>
      <string>1.5</string>
    </entry>
    <entry>
      <string>dynamicparameter</string>
      <string>0.2.0</string>
    </entry>
    <entry>
      <string>workflow-scm-step</string>
      <string>2.2</string>
    </entry>
    <entry>
      <string>ws-cleanup</string>
      <string>0.30</string>
    </entry>
    <entry>
      <string>token-macro</string>
      <string>1.12.1</string>
    </entry>
    <entry>
      <string>publish-over-ssh</string>
      <string>1.14</string>
    </entry>
    <entry>
      <string>artifactdeployer</string>
      <string>0.33</string>
    </entry>
    <entry>
      <string>thinBackup</string>
      <string>1.7.4</string>
    </entry>
    <entry>
      <string>run-condition</string>
      <string>1.0</string>
    </entry>
    <entry>
      <string>ssh-agent</string>
      <string>1.13</string>
    </entry>
    <entry>
      <string>git-server</string>
      <string>1.7</string>
    </entry>
    <entry>
      <string>credentials</string>
      <string>2.1.4</string>
    </entry>
    <entry>
      <string>validating-string-parameter</string>
      <string>2.3</string>
    </entry>
    <entry>
      <string>config-file-provider</string>
      <string>2.11</string>
    </entry>
    <entry>
      <string>workflow-step-api</string>
      <string>2.3</string>
    </entry>
    <entry>
      <string>jquery</string>
      <string>1.11.2-0</string>
    </entry>
    <entry>
      <string>matrix-project</string>
      <string>1.7.1</string>
    </entry>
    <entry>
      <string>bouncycastle-api</string>
      <string>2.16.0</string>
    </entry>
    <entry>
      <string>pam-auth</string>
      <string>1.3</string>
    </entry>
    <entry>
      <string>javadoc</string>
      <string>1.4</string>
    </entry>
    <entry>
      <string>publish-over-ftp</string>
      <string>1.12</string>
    </entry>
    <entry>
      <string>icon-shim</string>
      <string>2.0.3</string>
    </entry>
    <entry>
      <string>git</string>
      <string>2.4.0</string>
    </entry>
    <entry>
      <string>capitomcat</string>
      <string>0.1.0</string>
    </entry>
    <entry>
      <string>storable-configs-plugin</string>
      <string>1.0</string>
    </entry>
    <entry>
      <string>ssh2easy</string>
      <string>1.4</string>
    </entry>
    <entry>
      <string>ssh-credentials</string>
      <string>1.12</string>
    </entry>
    <entry>
      <string>cloudbees-folder</string>
      <string>5.12</string>
    </entry>
    <entry>
      <string>timestamper</string>
      <string>1.8.5</string>
    </entry>
    <entry>
      <string>cvs</string>
      <string>2.12</string>
    </entry>
    <entry>
      <string>junit</string>
      <string>1.18</string>
    </entry>
    <entry>
      <string>disk-usage</string>
      <string>0.28</string>
    </entry>
    <entry>
      <string>structs</string>
      <string>1.5</string>
    </entry>
    <entry>
      <string>ant</string>
      <string>1.4</string>
    </entry>
    <entry>
      <string>msbuild</string>
      <string>1.26</string>
    </entry>
    <entry>
      <string>mapdb-api</string>
      <string>1.0.9.0</string>
    </entry>
    <entry>
      <string>ssh-slaves</string>
      <string>1.11</string>
    </entry>
    <entry>
      <string>versionnumber</string>
      <string>1.7.2</string>
    </entry>
    <entry>
      <string>matrix-auth</string>
      <string>1.4</string>
    </entry>
    <entry>
      <string>ivy</string>
      <string>1.26</string>
    </entry>
    <entry>
      <string>subversion</string>
      <string>2.6</string>
    </entry>
    <entry>
      <string>copy-to-slave</string>
      <string>1.4.4</string>
    </entry>
    <entry>
      <string>translation</string>
      <string>1.15</string>
    </entry>
    <entry>
      <string>ruby-runtime</string>
      <string>0.13</string>
    </entry>
    <entry>
      <string>script-security</string>
      <string>1.22</string>
    </entry>
    <entry>
      <string>external-monitor-job</string>
      <string>1.6</string>
    </entry>
    <entry>
      <string>branch-api</string>
      <string>1.10</string>
    </entry>
    <entry>
      <string>Hudson core</string>
      <string>2.50</string>
    </entry>
    <entry>
      <string>workflow-api</string>
      <string>2.2</string>
    </entry>
  </plugins>
</org.jvnet.hudson.plugins.thinbackup.backup.PluginList>