<?xml version='1.0' encoding='UTF-8'?>
<jenkins.plugins.publish__over__ssh.BapSshPublisherPlugin_-Descriptor plugin="publish-over-ssh@1.12">
  <hostConfigurations/>
  <commonConfig>
    <secretPassphrase>9FXOXNdwBnX8ZhAPN4zgC/sYu/RwsojNdcPNTG0DaM1oz7kNARiiNKMECY+89xH9fwBoysj/1B2xxksNrCMXtt5FoeQMSCRuXckF3pAEhPbo4O1h/qTzbppElgKiWEWAnUwZqKbnBbGWEBlY+f5Lwfu4gEaPYniYZxIgf4m5KeY=</secretPassphrase>
    <key></key>
    <keyPath></keyPath>
    <disableAllExec>false</disableAllExec>
  </commonConfig>
  <defaults class="jenkins.plugins.publish_over_ssh.options.SshPluginDefaults"/>
</jenkins.plugins.publish__over__ssh.BapSshPublisherPlugin_-Descriptor>