<?xml version='1.0' encoding='UTF-8'?>
<org.jvnet.hudson.plugins.thinbackup.ThinBackupPluginImpl plugin="thinBackup@1.7.4">
  <fullBackupSchedule></fullBackupSchedule>
  <diffBackupSchedule></diffBackupSchedule>
  <backupPath>/home/mon2/Projects/BitBucket/infrastructure/Jenkins/ThinBackup</backupPath>
  <nrMaxStoredFull>5</nrMaxStoredFull>
  <excludedFilesRegex></excludedFilesRegex>
  <waitForIdle>true</waitForIdle>
  <forceQuietModeTimeout>120</forceQuietModeTimeout>
  <cleanupDiff>true</cleanupDiff>
  <moveOldBackupsToZipFile>true</moveOldBackupsToZipFile>
  <backupBuildResults>false</backupBuildResults>
  <backupBuildArchive>false</backupBuildArchive>
  <backupUserContents>true</backupUserContents>
  <backupNextBuildNumber>true</backupNextBuildNumber>
  <backupBuildsToKeepOnly>false</backupBuildsToKeepOnly>
</org.jvnet.hudson.plugins.thinbackup.ThinBackupPluginImpl>