<?xml version='1.0' encoding='UTF-8'?>
<hudson.plugins.disk__usage.ProjectDiskUsage plugin="disk-usage@0.23">
  <diskUsageWithoutBuilds>12624</diskUsageWithoutBuilds>
  <slaveWorkspacesUsage class="concurrent-hash-map">
    <entry>
      <string>bmgwin7</string>
      <concurrent-hash-map>
        <entry>
          <string>C:\Jenkins\workspace\pmo-tool</string>
          <long>295052391</long>
        </entry>
      </concurrent-hash-map>
    </entry>
  </slaveWorkspacesUsage>
</hudson.plugins.disk__usage.ProjectDiskUsage>