<?xml version='1.0' encoding='UTF-8'?>
<hudson.tasks.Mailer_-DescriptorImpl plugin="mailer@1.15">
  <defaultSuffix>@gmail.com</defaultSuffix>
  <hudsonUrl>http://localhost:8081/</hudsonUrl>
  <smtpAuthUsername>bmgsoftware@gmail.com</smtpAuthUsername>
  <smtpAuthPassword>er48+JYQ0X3BMGFanDF0BQaCT50QfAWpu1SbhcN7hNQ=</smtpAuthPassword>
  <adminAddress>bmgsoftware@gmail.com</adminAddress>
  <smtpHost>smtp.gmail.com</smtpHost>
  <useSsl>true</useSsl>
  <smtpPort>465</smtpPort>
  <charset>UTF-8</charset>
</hudson.tasks.Mailer_-DescriptorImpl>