<?xml version='1.0' encoding='UTF-8'?>
<hudson.plugins.disk__usage.DiskUsageProjectActionFactory_-DescriptorImpl plugin="disk-usage@0.23">
  <countIntervalBuilds>0 */6 * * *</countIntervalBuilds>
  <calculationBuilds>true</calculationBuilds>
  <countIntervalJobs>0 */6 * * *</countIntervalJobs>
  <calculationJobs>true</calculationJobs>
  <countIntervalWorkspace>0 */6 * * *</countIntervalWorkspace>
  <calculationWorkspace>true</calculationWorkspace>
  <checkWorkspaceOnSlave>false</checkWorkspaceOnSlave>
  <showFreeSpaceForJobDirectory>true</showFreeSpaceForJobDirectory>
  <diskUsageBuilds>0</diskUsageBuilds>
  <diskUsageJobsWithoutBuilds>0</diskUsageJobsWithoutBuilds>
  <diskUsageWorkspaces>0</diskUsageWorkspaces>
  <diskUsageLockedBuilds>0</diskUsageLockedBuilds>
  <showGraph>false</showGraph>
  <historyLength>183</historyLength>
  <history class="hudson.plugins.disk_usage.DiskUsageProjectActionFactory$DescriptorImpl$1" serialization="custom">
    <unserializable-parents/>
    <linked-list>
      <default/>
      <int>102</int>
      <hudson.plugins.disk__usage.DiskUsageOvearallGraphGenerator_-DiskUsageRecord>
        <buildUsage>511466</buildUsage>
        <wsUsage>190814983</wsUsage>
        <date class="hudson.plugins.disk_usage.DiskUsageOvearallGraphGenerator$DiskUsageRecord$1" serialization="custom">
          <date>
            <long>1392718220431</long>
          </date>
          <hudson.plugins.disk__usage.DiskUsageOvearallGraphGenerator_-DiskUsageRecord_-1>
            <default>
              <outer-class reference="../../../.."/>
            </default>
          </hudson.plugins.disk__usage.DiskUsageOvearallGraphGenerator_-DiskUsageRecord_-1>
        </date>
        <jobsWithoutBuildsUsage>639969890</jobsWithoutBuildsUsage>
        <allSpace>483668549632</allSpace>
      </hudson.plugins.disk__usage.DiskUsageOvearallGraphGenerator_-DiskUsageRecord>
      <hudson.plugins.disk__usage.DiskUsageOvearallGraphGenerator_-DiskUsageRecord>
        <buildUsage>472879</buildUsage>
        <wsUsage>646294974</wsUsage>
        <date class="hudson.plugins.disk_usage.DiskUsageOvearallGraphGenerator$DiskUsageRecord$1" serialization="custom">
          <date>
            <long>1393439377587</long>
          </date>
          <hudson.plugins.disk__usage.DiskUsageOvearallGraphGenerator_-DiskUsageRecord_-1>
            <default>
              <outer-class reference="../../../.."/>
            </default>
          </hudson.plugins.disk__usage.DiskUsageOvearallGraphGenerator_-DiskUsageRecord_-1>
        </date>
        <jobsWithoutBuildsUsage>646088373</jobsWithoutBuildsUsage>
        <allSpace>483668549632</allSpace>
      </hudson.plugins.disk__usage.DiskUsageOvearallGraphGenerator_-DiskUsageRecord>
      <hudson.plugins.disk__usage.DiskUsageOvearallGraphGenerator_-DiskUsageRecord>
        <buildUsage>1531327</buildUsage>
        <wsUsage>192276595</wsUsage>
        <date class="hudson.plugins.disk_usage.DiskUsageOvearallGraphGenerator$DiskUsageRecord$1" serialization="custom">
          <date>
            <long>1395549126496</long>
          </date>
          <hudson.plugins.disk__usage.DiskUsageOvearallGraphGenerator_-DiskUsageRecord_-1>
            <default>
              <outer-class reference="../../../.."/>
            </default>
          </hudson.plugins.disk__usage.DiskUsageOvearallGraphGenerator_-DiskUsageRecord_-1>
        </date>
        <jobsWithoutBuildsUsage>592976310</jobsWithoutBuildsUsage>
        <allSpace>483668549632</allSpace>
      </hudson.plugins.disk__usage.DiskUsageOvearallGraphGenerator_-DiskUsageRecord>
      <hudson.plugins.disk__usage.DiskUsageOvearallGraphGenerator_-DiskUsageRecord>
        <buildUsage>901942</buildUsage>
        <wsUsage>664414889</wsUsage>
        <date class="hudson.plugins.disk_usage.DiskUsageOvearallGraphGenerator$DiskUsageRecord$1" serialization="custom">
          <date>
            <long>1396055342694</long>
          </date>
          <hudson.plugins.disk__usage.DiskUsageOvearallGraphGenerator_-DiskUsageRecord_-1>
            <default>
              <outer-class reference="../../../.."/>
            </default>
          </hudson.plugins.disk__usage.DiskUsageOvearallGraphGenerator_-DiskUsageRecord_-1>
        </date>
        <jobsWithoutBuildsUsage>664465866</jobsWithoutBuildsUsage>
        <allSpace>483668549632</allSpace>
      </hudson.plugins.disk__usage.DiskUsageOvearallGraphGenerator_-DiskUsageRecord>
      <hudson.plugins.disk__usage.DiskUsageOvearallGraphGenerator_-DiskUsageRecord>
        <buildUsage>1150768</buildUsage>
        <wsUsage>191056205</wsUsage>
        <date class="hudson.plugins.disk_usage.DiskUsageOvearallGraphGenerator$DiskUsageRecord$1" serialization="custom">
          <date>
            <long>1396159219637</long>
          </date>
          <hudson.plugins.disk__usage.DiskUsageOvearallGraphGenerator_-DiskUsageRecord_-1>
            <default>
              <outer-class reference="../../../.."/>
            </default>
          </hudson.plugins.disk__usage.DiskUsageOvearallGraphGenerator_-DiskUsageRecord_-1>
        </date>
        <jobsWithoutBuildsUsage>572381280</jobsWithoutBuildsUsage>
        <allSpace>483668549632</allSpace>
      </hudson.plugins.disk__usage.DiskUsageOvearallGraphGenerator_-DiskUsageRecord>
      <hudson.plugins.disk__usage.DiskUsageOvearallGraphGenerator_-DiskUsageRecord>
        <buildUsage>1472865</buildUsage>
        <wsUsage>582020358</wsUsage>
        <date class="hudson.plugins.disk_usage.DiskUsageOvearallGraphGenerator$DiskUsageRecord$1" serialization="custom">
          <date>
            <long>1396769424761</long>
          </date>
          <hudson.plugins.disk__usage.DiskUsageOvearallGraphGenerator_-DiskUsageRecord_-1>
            <default>
              <outer-class reference="../../../.."/>
            </default>
          </hudson.plugins.disk__usage.DiskUsageOvearallGraphGenerator_-DiskUsageRecord_-1>
        </date>
        <jobsWithoutBuildsUsage>572584884</jobsWithoutBuildsUsage>
        <allSpace>483668549632</allSpace>
      </hudson.plugins.disk__usage.DiskUsageOvearallGraphGenerator_-DiskUsageRecord>
      <hudson.plugins.disk__usage.DiskUsageOvearallGraphGenerator_-DiskUsageRecord>
        <buildUsage>1448943</buildUsage>
        <wsUsage>191617084</wsUsage>
        <date class="hudson.plugins.disk_usage.DiskUsageOvearallGraphGenerator$DiskUsageRecord$1" serialization="custom">
          <date>
            <long>1397152449073</long>
          </date>
          <hudson.plugins.disk__usage.DiskUsageOvearallGraphGenerator_-DiskUsageRecord_-1>
            <default>
              <outer-class reference="../../../.."/>
            </default>
          </hudson.plugins.disk__usage.DiskUsageOvearallGraphGenerator_-DiskUsageRecord_-1>
        </date>
        <jobsWithoutBuildsUsage>582072526</jobsWithoutBuildsUsage>
        <allSpace>483668549632</allSpace>
      </hudson.plugins.disk__usage.DiskUsageOvearallGraphGenerator_-DiskUsageRecord>
      <hudson.plugins.disk__usage.DiskUsageOvearallGraphGenerator_-DiskUsageRecord>
        <buildUsage>4165450</buildUsage>
        <wsUsage>191072555</wsUsage>
        <date class="hudson.plugins.disk_usage.DiskUsageOvearallGraphGenerator$DiskUsageRecord$1" serialization="custom">
          <date>
            <long>1397370041055</long>
          </date>
          <hudson.plugins.disk__usage.DiskUsageOvearallGraphGenerator_-DiskUsageRecord_-1>
            <default>
              <outer-class reference="../../../.."/>
            </default>
          </hudson.plugins.disk__usage.DiskUsageOvearallGraphGenerator_-DiskUsageRecord_-1>
        </date>
        <jobsWithoutBuildsUsage>577848058</jobsWithoutBuildsUsage>
        <allSpace>483668549632</allSpace>
      </hudson.plugins.disk__usage.DiskUsageOvearallGraphGenerator_-DiskUsageRecord>
      <hudson.plugins.disk__usage.DiskUsageOvearallGraphGenerator_-DiskUsageRecord>
        <buildUsage>4893893</buildUsage>
        <wsUsage>515017814</wsUsage>
        <date class="hudson.plugins.disk_usage.DiskUsageOvearallGraphGenerator$DiskUsageRecord$1" serialization="custom">
          <date>
            <long>1397746050649</long>
          </date>
          <hudson.plugins.disk__usage.DiskUsageOvearallGraphGenerator_-DiskUsageRecord_-1>
            <default>
              <outer-class reference="../../../.."/>
            </default>
          </hudson.plugins.disk__usage.DiskUsageOvearallGraphGenerator_-DiskUsageRecord_-1>
        </date>
        <jobsWithoutBuildsUsage>515068791</jobsWithoutBuildsUsage>
        <allSpace>483668549632</allSpace>
      </hudson.plugins.disk__usage.DiskUsageOvearallGraphGenerator_-DiskUsageRecord>
      <hudson.plugins.disk__usage.DiskUsageOvearallGraphGenerator_-DiskUsageRecord>
        <buildUsage>1004405</buildUsage>
        <wsUsage>191505887</wsUsage>
        <date class="hudson.plugins.disk_usage.DiskUsageOvearallGraphGenerator$DiskUsageRecord$1" serialization="custom">
          <date>
            <long>1397798542957</long>
          </date>
          <hudson.plugins.disk__usage.DiskUsageOvearallGraphGenerator_-DiskUsageRecord_-1>
            <default>
              <outer-class reference="../../../.."/>
            </default>
          </hudson.plugins.disk__usage.DiskUsageOvearallGraphGenerator_-DiskUsageRecord_-1>
        </date>
        <jobsWithoutBuildsUsage>515059520</jobsWithoutBuildsUsage>
        <allSpace>483668549632</allSpace>
      </hudson.plugins.disk__usage.DiskUsageOvearallGraphGenerator_-DiskUsageRecord>
      <hudson.plugins.disk__usage.DiskUsageOvearallGraphGenerator_-DiskUsageRecord>
        <buildUsage>1413664</buildUsage>
        <wsUsage>191887692</wsUsage>
        <date class="hudson.plugins.disk_usage.DiskUsageOvearallGraphGenerator$DiskUsageRecord$1" serialization="custom">
          <date>
            <long>1397929667052</long>
          </date>
          <hudson.plugins.disk__usage.DiskUsageOvearallGraphGenerator_-DiskUsageRecord_-1>
            <default>
              <outer-class reference="../../../.."/>
            </default>
          </hudson.plugins.disk__usage.DiskUsageOvearallGraphGenerator_-DiskUsageRecord_-1>
        </date>
        <jobsWithoutBuildsUsage>577460014</jobsWithoutBuildsUsage>
        <allSpace>483668549632</allSpace>
      </hudson.plugins.disk__usage.DiskUsageOvearallGraphGenerator_-DiskUsageRecord>
      <hudson.plugins.disk__usage.DiskUsageOvearallGraphGenerator_-DiskUsageRecord>
        <buildUsage>1355663</buildUsage>
        <wsUsage>580216380</wsUsage>
        <date class="hudson.plugins.disk_usage.DiskUsageOvearallGraphGenerator$DiskUsageRecord$1" serialization="custom">
          <date>
            <long>1398194629719</long>
          </date>
          <hudson.plugins.disk__usage.DiskUsageOvearallGraphGenerator_-DiskUsageRecord_-1>
            <default>
              <outer-class reference="../../../.."/>
            </default>
          </hudson.plugins.disk__usage.DiskUsageOvearallGraphGenerator_-DiskUsageRecord_-1>
        </date>
        <jobsWithoutBuildsUsage>578953467</jobsWithoutBuildsUsage>
        <allSpace>483668549632</allSpace>
      </hudson.plugins.disk__usage.DiskUsageOvearallGraphGenerator_-DiskUsageRecord>
      <hudson.plugins.disk__usage.DiskUsageOvearallGraphGenerator_-DiskUsageRecord>
        <buildUsage>1392909</buildUsage>
        <wsUsage>192564712</wsUsage>
        <date class="hudson.plugins.disk_usage.DiskUsageOvearallGraphGenerator$DiskUsageRecord$1" serialization="custom">
          <date>
            <long>1398518487231</long>
          </date>
          <hudson.plugins.disk__usage.DiskUsageOvearallGraphGenerator_-DiskUsageRecord_-1>
            <default>
              <outer-class reference="../../../.."/>
            </default>
          </hudson.plugins.disk__usage.DiskUsageOvearallGraphGenerator_-DiskUsageRecord_-1>
        </date>
        <jobsWithoutBuildsUsage>584500993</jobsWithoutBuildsUsage>
        <allSpace>483668549632</allSpace>
      </hudson.plugins.disk__usage.DiskUsageOvearallGraphGenerator_-DiskUsageRecord>
      <hudson.plugins.disk__usage.DiskUsageOvearallGraphGenerator_-DiskUsageRecord>
        <buildUsage>1392909</buildUsage>
        <wsUsage>192564712</wsUsage>
        <date class="hudson.plugins.disk_usage.DiskUsageOvearallGraphGenerator$DiskUsageRecord$1" serialization="custom">
          <date>
            <long>1398520731472</long>
          </date>
          <hudson.plugins.disk__usage.DiskUsageOvearallGraphGenerator_-DiskUsageRecord_-1>
            <default>
              <outer-class reference="../../../.."/>
            </default>
          </hudson.plugins.disk__usage.DiskUsageOvearallGraphGenerator_-DiskUsageRecord_-1>
        </date>
        <jobsWithoutBuildsUsage>584500993</jobsWithoutBuildsUsage>
        <allSpace>483668549632</allSpace>
      </hudson.plugins.disk__usage.DiskUsageOvearallGraphGenerator_-DiskUsageRecord>
      <hudson.plugins.disk__usage.DiskUsageOvearallGraphGenerator_-DiskUsageRecord>
        <buildUsage>1392909</buildUsage>
        <wsUsage>192564712</wsUsage>
        <date class="hudson.plugins.disk_usage.DiskUsageOvearallGraphGenerator$DiskUsageRecord$1" serialization="custom">
          <date>
            <long>1398584143788</long>
          </date>
          <hudson.plugins.disk__usage.DiskUsageOvearallGraphGenerator_-DiskUsageRecord_-1>
            <default>
              <outer-class reference="../../../.."/>
            </default>
          </hudson.plugins.disk__usage.DiskUsageOvearallGraphGenerator_-DiskUsageRecord_-1>
        </date>
        <jobsWithoutBuildsUsage>584500993</jobsWithoutBuildsUsage>
        <allSpace>483668549632</allSpace>
      </hudson.plugins.disk__usage.DiskUsageOvearallGraphGenerator_-DiskUsageRecord>
      <hudson.plugins.disk__usage.DiskUsageOvearallGraphGenerator_-DiskUsageRecord>
        <buildUsage>17537</buildUsage>
        <wsUsage>8192</wsUsage>
        <date class="hudson.plugins.disk_usage.DiskUsageOvearallGraphGenerator$DiskUsageRecord$1" serialization="custom">
          <date>
            <long>1401141315027</long>
          </date>
          <hudson.plugins.disk__usage.DiskUsageOvearallGraphGenerator_-DiskUsageRecord_-1>
            <default>
              <outer-class reference="../../../.."/>
            </default>
          </hudson.plugins.disk__usage.DiskUsageOvearallGraphGenerator_-DiskUsageRecord_-1>
        </date>
        <jobsWithoutBuildsUsage>62132</jobsWithoutBuildsUsage>
        <allSpace>21001531392</allSpace>
      </hudson.plugins.disk__usage.DiskUsageOvearallGraphGenerator_-DiskUsageRecord>
      <hudson.plugins.disk__usage.DiskUsageOvearallGraphGenerator_-DiskUsageRecord>
        <buildUsage>2060053</buildUsage>
        <wsUsage>1159488414</wsUsage>
        <date class="hudson.plugins.disk_usage.DiskUsageOvearallGraphGenerator$DiskUsageRecord$1" serialization="custom">
          <date>
            <long>1401223497923</long>
          </date>
          <hudson.plugins.disk__usage.DiskUsageOvearallGraphGenerator_-DiskUsageRecord_-1>
            <default>
              <outer-class reference="../../../.."/>
            </default>
          </hudson.plugins.disk__usage.DiskUsageOvearallGraphGenerator_-DiskUsageRecord_-1>
        </date>
        <jobsWithoutBuildsUsage>1159421246</jobsWithoutBuildsUsage>
        <allSpace>21001531392</allSpace>
      </hudson.plugins.disk__usage.DiskUsageOvearallGraphGenerator_-DiskUsageRecord>
      <hudson.plugins.disk__usage.DiskUsageOvearallGraphGenerator_-DiskUsageRecord>
        <buildUsage>1217056</buildUsage>
        <wsUsage>1159681426</wsUsage>
        <date class="hudson.plugins.disk_usage.DiskUsageOvearallGraphGenerator$DiskUsageRecord$1" serialization="custom">
          <date>
            <long>1401309613707</long>
          </date>
          <hudson.plugins.disk__usage.DiskUsageOvearallGraphGenerator_-DiskUsageRecord_-1>
            <default>
              <outer-class reference="../../../.."/>
            </default>
          </hudson.plugins.disk__usage.DiskUsageOvearallGraphGenerator_-DiskUsageRecord_-1>
        </date>
        <jobsWithoutBuildsUsage>1159646986</jobsWithoutBuildsUsage>
        <allSpace>21001531392</allSpace>
      </hudson.plugins.disk__usage.DiskUsageOvearallGraphGenerator_-DiskUsageRecord>
      <hudson.plugins.disk__usage.DiskUsageOvearallGraphGenerator_-DiskUsageRecord>
        <buildUsage>1010676</buildUsage>
        <wsUsage>1293983508</wsUsage>
        <date class="hudson.plugins.disk_usage.DiskUsageOvearallGraphGenerator$DiskUsageRecord$1" serialization="custom">
          <date>
            <long>1401396013708</long>
          </date>
          <hudson.plugins.disk__usage.DiskUsageOvearallGraphGenerator_-DiskUsageRecord_-1>
            <default>
              <outer-class reference="../../../.."/>
            </default>
          </hudson.plugins.disk__usage.DiskUsageOvearallGraphGenerator_-DiskUsageRecord_-1>
        </date>
        <jobsWithoutBuildsUsage>1159805286</jobsWithoutBuildsUsage>
        <allSpace>21001531392</allSpace>
      </hudson.plugins.disk__usage.DiskUsageOvearallGraphGenerator_-DiskUsageRecord>
      <hudson.plugins.disk__usage.DiskUsageOvearallGraphGenerator_-DiskUsageRecord>
        <buildUsage>1014623</buildUsage>
        <wsUsage>1428270019</wsUsage>
        <date class="hudson.plugins.disk_usage.DiskUsageOvearallGraphGenerator$DiskUsageRecord$1" serialization="custom">
          <date>
            <long>1401482413707</long>
          </date>
          <hudson.plugins.disk__usage.DiskUsageOvearallGraphGenerator_-DiskUsageRecord_-1>
            <default>
              <outer-class reference="../../../.."/>
            </default>
          </hudson.plugins.disk__usage.DiskUsageOvearallGraphGenerator_-DiskUsageRecord_-1>
        </date>
        <jobsWithoutBuildsUsage>1294037276</jobsWithoutBuildsUsage>
        <allSpace>21001531392</allSpace>
      </hudson.plugins.disk__usage.DiskUsageOvearallGraphGenerator_-DiskUsageRecord>
      <hudson.plugins.disk__usage.DiskUsageOvearallGraphGenerator_-DiskUsageRecord>
        <buildUsage>1070097</buildUsage>
        <wsUsage>1497977755</wsUsage>
        <date class="hudson.plugins.disk_usage.DiskUsageOvearallGraphGenerator$DiskUsageRecord$1" serialization="custom">
          <date>
            <long>1401568813707</long>
          </date>
          <hudson.plugins.disk__usage.DiskUsageOvearallGraphGenerator_-DiskUsageRecord_-1>
            <default>
              <outer-class reference="../../../.."/>
            </default>
          </hudson.plugins.disk__usage.DiskUsageOvearallGraphGenerator_-DiskUsageRecord_-1>
        </date>
        <jobsWithoutBuildsUsage>1498031618</jobsWithoutBuildsUsage>
        <allSpace>21001531392</allSpace>
      </hudson.plugins.disk__usage.DiskUsageOvearallGraphGenerator_-DiskUsageRecord>
      <hudson.plugins.disk__usage.DiskUsageOvearallGraphGenerator_-DiskUsageRecord>
        <buildUsage>741740</buildUsage>
        <wsUsage>1498127432</wsUsage>
        <date class="hudson.plugins.disk_usage.DiskUsageOvearallGraphGenerator$DiskUsageRecord$1" serialization="custom">
          <date>
            <long>1401655213707</long>
          </date>
          <hudson.plugins.disk__usage.DiskUsageOvearallGraphGenerator_-DiskUsageRecord_-1>
            <default>
              <outer-class reference="../../../.."/>
            </default>
          </hudson.plugins.disk__usage.DiskUsageOvearallGraphGenerator_-DiskUsageRecord_-1>
        </date>
        <jobsWithoutBuildsUsage>1498181292</jobsWithoutBuildsUsage>
        <allSpace>21001531392</allSpace>
      </hudson.plugins.disk__usage.DiskUsageOvearallGraphGenerator_-DiskUsageRecord>
      <hudson.plugins.disk__usage.DiskUsageOvearallGraphGenerator_-DiskUsageRecord>
        <buildUsage>751224</buildUsage>
        <wsUsage>415016929</wsUsage>
        <date class="hudson.plugins.disk_usage.DiskUsageOvearallGraphGenerator$DiskUsageRecord$1" serialization="custom">
          <date>
            <long>1401685455848</long>
          </date>
          <hudson.plugins.disk__usage.DiskUsageOvearallGraphGenerator_-DiskUsageRecord_-1>
            <default>
              <outer-class reference="../../../.."/>
            </default>
          </hudson.plugins.disk__usage.DiskUsageOvearallGraphGenerator_-DiskUsageRecord_-1>
        </date>
        <jobsWithoutBuildsUsage>1498172021</jobsWithoutBuildsUsage>
        <allSpace>21001531392</allSpace>
      </hudson.plugins.disk__usage.DiskUsageOvearallGraphGenerator_-DiskUsageRecord>
      <hudson.plugins.disk__usage.DiskUsageOvearallGraphGenerator_-DiskUsageRecord>
        <buildUsage>1364144</buildUsage>
        <wsUsage>415062115</wsUsage>
        <date class="hudson.plugins.disk_usage.DiskUsageOvearallGraphGenerator$DiskUsageRecord$1" serialization="custom">
          <date>
            <long>1401720954904</long>
          </date>
          <hudson.plugins.disk__usage.DiskUsageOvearallGraphGenerator_-DiskUsageRecord_-1>
            <default>
              <outer-class reference="../../../.."/>
            </default>
          </hudson.plugins.disk__usage.DiskUsageOvearallGraphGenerator_-DiskUsageRecord_-1>
        </date>
        <jobsWithoutBuildsUsage>1498172021</jobsWithoutBuildsUsage>
        <allSpace>21001531392</allSpace>
      </hudson.plugins.disk__usage.DiskUsageOvearallGraphGenerator_-DiskUsageRecord>
      <hudson.plugins.disk__usage.DiskUsageOvearallGraphGenerator_-DiskUsageRecord>
        <buildUsage>1477286</buildUsage>
        <wsUsage>1498716231</wsUsage>
        <date class="hudson.plugins.disk_usage.DiskUsageOvearallGraphGenerator$DiskUsageRecord$1" serialization="custom">
          <date>
            <long>1401807354856</long>
          </date>
          <hudson.plugins.disk__usage.DiskUsageOvearallGraphGenerator_-DiskUsageRecord_-1>
            <default>
              <outer-class reference="../../../.."/>
            </default>
          </hudson.plugins.disk__usage.DiskUsageOvearallGraphGenerator_-DiskUsageRecord_-1>
        </date>
        <jobsWithoutBuildsUsage>1498271765</jobsWithoutBuildsUsage>
        <allSpace>21001531392</allSpace>
      </hudson.plugins.disk__usage.DiskUsageOvearallGraphGenerator_-DiskUsageRecord>
      <hudson.plugins.disk__usage.DiskUsageOvearallGraphGenerator_-DiskUsageRecord>
        <buildUsage>1483629</buildUsage>
        <wsUsage>1632994874</wsUsage>
        <date class="hudson.plugins.disk_usage.DiskUsageOvearallGraphGenerator$DiskUsageRecord$1" serialization="custom">
          <date>
            <long>1401893754828</long>
          </date>
          <hudson.plugins.disk__usage.DiskUsageOvearallGraphGenerator_-DiskUsageRecord_-1>
            <default>
              <outer-class reference="../../../.."/>
            </default>
          </hudson.plugins.disk__usage.DiskUsageOvearallGraphGenerator_-DiskUsageRecord_-1>
        </date>
        <jobsWithoutBuildsUsage>1633048642</jobsWithoutBuildsUsage>
        <allSpace>21001531392</allSpace>
      </hudson.plugins.disk__usage.DiskUsageOvearallGraphGenerator_-DiskUsageRecord>
      <hudson.plugins.disk__usage.DiskUsageOvearallGraphGenerator_-DiskUsageRecord>
        <buildUsage>1304712</buildUsage>
        <wsUsage>369762374</wsUsage>
        <date class="hudson.plugins.disk_usage.DiskUsageOvearallGraphGenerator$DiskUsageRecord$1" serialization="custom">
          <date>
            <long>1408168999739</long>
          </date>
          <hudson.plugins.disk__usage.DiskUsageOvearallGraphGenerator_-DiskUsageRecord_-1>
            <default>
              <outer-class reference="../../../.."/>
            </default>
          </hudson.plugins.disk__usage.DiskUsageOvearallGraphGenerator_-DiskUsageRecord_-1>
        </date>
        <jobsWithoutBuildsUsage>1300319683</jobsWithoutBuildsUsage>
        <allSpace>14385479680</allSpace>
      </hudson.plugins.disk__usage.DiskUsageOvearallGraphGenerator_-DiskUsageRecord>
      <hudson.plugins.disk__usage.DiskUsageOvearallGraphGenerator_-DiskUsageRecord>
        <buildUsage>1470320</buildUsage>
        <wsUsage>1385972302</wsUsage>
        <date class="hudson.plugins.disk_usage.DiskUsageOvearallGraphGenerator$DiskUsageRecord$1" serialization="custom">
          <date>
            <long>1409374130530</long>
          </date>
          <hudson.plugins.disk__usage.DiskUsageOvearallGraphGenerator_-DiskUsageRecord_-1>
            <default>
              <outer-class reference="../../../.."/>
            </default>
          </hudson.plugins.disk__usage.DiskUsageOvearallGraphGenerator_-DiskUsageRecord_-1>
        </date>
        <jobsWithoutBuildsUsage>1386026083</jobsWithoutBuildsUsage>
        <allSpace>14385479680</allSpace>
      </hudson.plugins.disk__usage.DiskUsageOvearallGraphGenerator_-DiskUsageRecord>
      <hudson.plugins.disk__usage.DiskUsageOvearallGraphGenerator_-DiskUsageRecord>
        <buildUsage>1372391</buildUsage>
        <wsUsage>1525938832</wsUsage>
        <date class="hudson.plugins.disk_usage.DiskUsageOvearallGraphGenerator$DiskUsageRecord$1" serialization="custom">
          <date>
            <long>1411939876651</long>
          </date>
          <hudson.plugins.disk__usage.DiskUsageOvearallGraphGenerator_-DiskUsageRecord_-1>
            <default>
              <outer-class reference="../../../.."/>
            </default>
          </hudson.plugins.disk__usage.DiskUsageOvearallGraphGenerator_-DiskUsageRecord_-1>
        </date>
        <jobsWithoutBuildsUsage>1525994483</jobsWithoutBuildsUsage>
        <allSpace>14385479680</allSpace>
      </hudson.plugins.disk__usage.DiskUsageOvearallGraphGenerator_-DiskUsageRecord>
      <hudson.plugins.disk__usage.DiskUsageOvearallGraphGenerator_-DiskUsageRecord>
        <buildUsage>1562606</buildUsage>
        <wsUsage>1609967620</wsUsage>
        <date class="hudson.plugins.disk_usage.DiskUsageOvearallGraphGenerator$DiskUsageRecord$1" serialization="custom">
          <date>
            <long>1413087344255</long>
          </date>
          <hudson.plugins.disk__usage.DiskUsageOvearallGraphGenerator_-DiskUsageRecord_-1>
            <default>
              <outer-class reference="../../../.."/>
            </default>
          </hudson.plugins.disk__usage.DiskUsageOvearallGraphGenerator_-DiskUsageRecord_-1>
        </date>
        <jobsWithoutBuildsUsage>1610023107</jobsWithoutBuildsUsage>
        <allSpace>14385479680</allSpace>
      </hudson.plugins.disk__usage.DiskUsageOvearallGraphGenerator_-DiskUsageRecord>
      <hudson.plugins.disk__usage.DiskUsageOvearallGraphGenerator_-DiskUsageRecord>
        <buildUsage>1562606</buildUsage>
        <wsUsage>1609967620</wsUsage>
        <date class="hudson.plugins.disk_usage.DiskUsageOvearallGraphGenerator$DiskUsageRecord$1" serialization="custom">
          <date>
            <long>1413173744086</long>
          </date>
          <hudson.plugins.disk__usage.DiskUsageOvearallGraphGenerator_-DiskUsageRecord_-1>
            <default>
              <outer-class reference="../../../.."/>
            </default>
          </hudson.plugins.disk__usage.DiskUsageOvearallGraphGenerator_-DiskUsageRecord_-1>
        </date>
        <jobsWithoutBuildsUsage>1610023107</jobsWithoutBuildsUsage>
        <allSpace>14385479680</allSpace>
      </hudson.plugins.disk__usage.DiskUsageOvearallGraphGenerator_-DiskUsageRecord>
      <hudson.plugins.disk__usage.DiskUsageOvearallGraphGenerator_-DiskUsageRecord>
        <buildUsage>1562606</buildUsage>
        <wsUsage>1609967620</wsUsage>
        <date class="hudson.plugins.disk_usage.DiskUsageOvearallGraphGenerator$DiskUsageRecord$1" serialization="custom">
          <date>
            <long>1413260144085</long>
          </date>
          <hudson.plugins.disk__usage.DiskUsageOvearallGraphGenerator_-DiskUsageRecord_-1>
            <default>
              <outer-class reference="../../../.."/>
            </default>
          </hudson.plugins.disk__usage.DiskUsageOvearallGraphGenerator_-DiskUsageRecord_-1>
        </date>
        <jobsWithoutBuildsUsage>1610023107</jobsWithoutBuildsUsage>
        <allSpace>14385479680</allSpace>
      </hudson.plugins.disk__usage.DiskUsageOvearallGraphGenerator_-DiskUsageRecord>
      <hudson.plugins.disk__usage.DiskUsageOvearallGraphGenerator_-DiskUsageRecord>
        <buildUsage>1562606</buildUsage>
        <wsUsage>1609967620</wsUsage>
        <date class="hudson.plugins.disk_usage.DiskUsageOvearallGraphGenerator$DiskUsageRecord$1" serialization="custom">
          <date>
            <long>1413346544086</long>
          </date>
          <hudson.plugins.disk__usage.DiskUsageOvearallGraphGenerator_-DiskUsageRecord_-1>
            <default>
              <outer-class reference="../../../.."/>
            </default>
          </hudson.plugins.disk__usage.DiskUsageOvearallGraphGenerator_-DiskUsageRecord_-1>
        </date>
        <jobsWithoutBuildsUsage>1610023107</jobsWithoutBuildsUsage>
        <allSpace>14385479680</allSpace>
      </hudson.plugins.disk__usage.DiskUsageOvearallGraphGenerator_-DiskUsageRecord>
      <hudson.plugins.disk__usage.DiskUsageOvearallGraphGenerator_-DiskUsageRecord>
        <buildUsage>1562606</buildUsage>
        <wsUsage>1609967620</wsUsage>
        <date class="hudson.plugins.disk_usage.DiskUsageOvearallGraphGenerator$DiskUsageRecord$1" serialization="custom">
          <date>
            <long>1413390259052</long>
          </date>
          <hudson.plugins.disk__usage.DiskUsageOvearallGraphGenerator_-DiskUsageRecord_-1>
            <default>
              <outer-class reference="../../../.."/>
            </default>
          </hudson.plugins.disk__usage.DiskUsageOvearallGraphGenerator_-DiskUsageRecord_-1>
        </date>
        <jobsWithoutBuildsUsage>1610023107</jobsWithoutBuildsUsage>
        <allSpace>14385479680</allSpace>
      </hudson.plugins.disk__usage.DiskUsageOvearallGraphGenerator_-DiskUsageRecord>
      <hudson.plugins.disk__usage.DiskUsageOvearallGraphGenerator_-DiskUsageRecord>
        <buildUsage>1678978</buildUsage>
        <wsUsage>2281031059</wsUsage>
        <date class="hudson.plugins.disk_usage.DiskUsageOvearallGraphGenerator$DiskUsageRecord$1" serialization="custom">
          <date>
            <long>1413486182806</long>
          </date>
          <hudson.plugins.disk__usage.DiskUsageOvearallGraphGenerator_-DiskUsageRecord_-1>
            <default>
              <outer-class reference="../../../.."/>
            </default>
          </hudson.plugins.disk__usage.DiskUsageOvearallGraphGenerator_-DiskUsageRecord_-1>
        </date>
        <jobsWithoutBuildsUsage>2281097738</jobsWithoutBuildsUsage>
        <allSpace>14385479680</allSpace>
      </hudson.plugins.disk__usage.DiskUsageOvearallGraphGenerator_-DiskUsageRecord>
      <hudson.plugins.disk__usage.DiskUsageOvearallGraphGenerator_-DiskUsageRecord>
        <buildUsage>1678978</buildUsage>
        <wsUsage>2281031059</wsUsage>
        <date class="hudson.plugins.disk_usage.DiskUsageOvearallGraphGenerator$DiskUsageRecord$1" serialization="custom">
          <date>
            <long>1413572582808</long>
          </date>
          <hudson.plugins.disk__usage.DiskUsageOvearallGraphGenerator_-DiskUsageRecord_-1>
            <default>
              <outer-class reference="../../../.."/>
            </default>
          </hudson.plugins.disk__usage.DiskUsageOvearallGraphGenerator_-DiskUsageRecord_-1>
        </date>
        <jobsWithoutBuildsUsage>2281097738</jobsWithoutBuildsUsage>
        <allSpace>14385479680</allSpace>
      </hudson.plugins.disk__usage.DiskUsageOvearallGraphGenerator_-DiskUsageRecord>
      <hudson.plugins.disk__usage.DiskUsageOvearallGraphGenerator_-DiskUsageRecord>
        <buildUsage>1899747</buildUsage>
        <wsUsage>2281069641</wsUsage>
        <date class="hudson.plugins.disk_usage.DiskUsageOvearallGraphGenerator$DiskUsageRecord$1" serialization="custom">
          <date>
            <long>1413669433046</long>
          </date>
          <hudson.plugins.disk__usage.DiskUsageOvearallGraphGenerator_-DiskUsageRecord_-1>
            <default>
              <outer-class reference="../../../.."/>
            </default>
          </hudson.plugins.disk__usage.DiskUsageOvearallGraphGenerator_-DiskUsageRecord_-1>
        </date>
        <jobsWithoutBuildsUsage>2281137575</jobsWithoutBuildsUsage>
        <allSpace>14385479680</allSpace>
      </hudson.plugins.disk__usage.DiskUsageOvearallGraphGenerator_-DiskUsageRecord>
      <hudson.plugins.disk__usage.DiskUsageOvearallGraphGenerator_-DiskUsageRecord>
        <buildUsage>822564</buildUsage>
        <wsUsage>2306054912</wsUsage>
        <date class="hudson.plugins.disk_usage.DiskUsageOvearallGraphGenerator$DiskUsageRecord$1" serialization="custom">
          <date>
            <long>1413745382271</long>
          </date>
          <hudson.plugins.disk__usage.DiskUsageOvearallGraphGenerator_-DiskUsageRecord_-1>
            <default>
              <outer-class reference="../../../.."/>
            </default>
          </hudson.plugins.disk__usage.DiskUsageOvearallGraphGenerator_-DiskUsageRecord_-1>
        </date>
        <jobsWithoutBuildsUsage>2306122846</jobsWithoutBuildsUsage>
        <allSpace>14385479680</allSpace>
      </hudson.plugins.disk__usage.DiskUsageOvearallGraphGenerator_-DiskUsageRecord>
      <hudson.plugins.disk__usage.DiskUsageOvearallGraphGenerator_-DiskUsageRecord>
        <buildUsage>822564</buildUsage>
        <wsUsage>2306054912</wsUsage>
        <date class="hudson.plugins.disk_usage.DiskUsageOvearallGraphGenerator$DiskUsageRecord$1" serialization="custom">
          <date>
            <long>1413831782274</long>
          </date>
          <hudson.plugins.disk__usage.DiskUsageOvearallGraphGenerator_-DiskUsageRecord_-1>
            <default>
              <outer-class reference="../../../.."/>
            </default>
          </hudson.plugins.disk__usage.DiskUsageOvearallGraphGenerator_-DiskUsageRecord_-1>
        </date>
        <jobsWithoutBuildsUsage>2306122846</jobsWithoutBuildsUsage>
        <allSpace>14385479680</allSpace>
      </hudson.plugins.disk__usage.DiskUsageOvearallGraphGenerator_-DiskUsageRecord>
      <hudson.plugins.disk__usage.DiskUsageOvearallGraphGenerator_-DiskUsageRecord>
        <buildUsage>822564</buildUsage>
        <wsUsage>2306054912</wsUsage>
        <date class="hudson.plugins.disk_usage.DiskUsageOvearallGraphGenerator$DiskUsageRecord$1" serialization="custom">
          <date>
            <long>1413918182283</long>
          </date>
          <hudson.plugins.disk__usage.DiskUsageOvearallGraphGenerator_-DiskUsageRecord_-1>
            <default>
              <outer-class reference="../../../.."/>
            </default>
          </hudson.plugins.disk__usage.DiskUsageOvearallGraphGenerator_-DiskUsageRecord_-1>
        </date>
        <jobsWithoutBuildsUsage>2306122846</jobsWithoutBuildsUsage>
        <allSpace>14385479680</allSpace>
      </hudson.plugins.disk__usage.DiskUsageOvearallGraphGenerator_-DiskUsageRecord>
      <hudson.plugins.disk__usage.DiskUsageOvearallGraphGenerator_-DiskUsageRecord>
        <buildUsage>822564</buildUsage>
        <wsUsage>2306054912</wsUsage>
        <date class="hudson.plugins.disk_usage.DiskUsageOvearallGraphGenerator$DiskUsageRecord$1" serialization="custom">
          <date>
            <long>1414004582271</long>
          </date>
          <hudson.plugins.disk__usage.DiskUsageOvearallGraphGenerator_-DiskUsageRecord_-1>
            <default>
              <outer-class reference="../../../.."/>
            </default>
          </hudson.plugins.disk__usage.DiskUsageOvearallGraphGenerator_-DiskUsageRecord_-1>
        </date>
        <jobsWithoutBuildsUsage>2306122846</jobsWithoutBuildsUsage>
        <allSpace>14385479680</allSpace>
      </hudson.plugins.disk__usage.DiskUsageOvearallGraphGenerator_-DiskUsageRecord>
      <hudson.plugins.disk__usage.DiskUsageOvearallGraphGenerator_-DiskUsageRecord>
        <buildUsage>822564</buildUsage>
        <wsUsage>2306054912</wsUsage>
        <date class="hudson.plugins.disk_usage.DiskUsageOvearallGraphGenerator$DiskUsageRecord$1" serialization="custom">
          <date>
            <long>1414090982273</long>
          </date>
          <hudson.plugins.disk__usage.DiskUsageOvearallGraphGenerator_-DiskUsageRecord_-1>
            <default>
              <outer-class reference="../../../.."/>
            </default>
          </hudson.plugins.disk__usage.DiskUsageOvearallGraphGenerator_-DiskUsageRecord_-1>
        </date>
        <jobsWithoutBuildsUsage>2306122846</jobsWithoutBuildsUsage>
        <allSpace>14385479680</allSpace>
      </hudson.plugins.disk__usage.DiskUsageOvearallGraphGenerator_-DiskUsageRecord>
      <hudson.plugins.disk__usage.DiskUsageOvearallGraphGenerator_-DiskUsageRecord>
        <buildUsage>822564</buildUsage>
        <wsUsage>2306054912</wsUsage>
        <date class="hudson.plugins.disk_usage.DiskUsageOvearallGraphGenerator$DiskUsageRecord$1" serialization="custom">
          <date>
            <long>1414304819751</long>
          </date>
          <hudson.plugins.disk__usage.DiskUsageOvearallGraphGenerator_-DiskUsageRecord_-1>
            <default>
              <outer-class reference="../../../.."/>
            </default>
          </hudson.plugins.disk__usage.DiskUsageOvearallGraphGenerator_-DiskUsageRecord_-1>
        </date>
        <jobsWithoutBuildsUsage>2306122846</jobsWithoutBuildsUsage>
        <allSpace>14385479680</allSpace>
      </hudson.plugins.disk__usage.DiskUsageOvearallGraphGenerator_-DiskUsageRecord>
      <hudson.plugins.disk__usage.DiskUsageOvearallGraphGenerator_-DiskUsageRecord>
        <buildUsage>822564</buildUsage>
        <wsUsage>2306054912</wsUsage>
        <date class="hudson.plugins.disk_usage.DiskUsageOvearallGraphGenerator$DiskUsageRecord$1" serialization="custom">
          <date>
            <long>1414391219719</long>
          </date>
          <hudson.plugins.disk__usage.DiskUsageOvearallGraphGenerator_-DiskUsageRecord_-1>
            <default>
              <outer-class reference="../../../.."/>
            </default>
          </hudson.plugins.disk__usage.DiskUsageOvearallGraphGenerator_-DiskUsageRecord_-1>
        </date>
        <jobsWithoutBuildsUsage>2306131506</jobsWithoutBuildsUsage>
        <allSpace>14385479680</allSpace>
      </hudson.plugins.disk__usage.DiskUsageOvearallGraphGenerator_-DiskUsageRecord>
      <hudson.plugins.disk__usage.DiskUsageOvearallGraphGenerator_-DiskUsageRecord>
        <buildUsage>822564</buildUsage>
        <wsUsage>2306054912</wsUsage>
        <date class="hudson.plugins.disk_usage.DiskUsageOvearallGraphGenerator$DiskUsageRecord$1" serialization="custom">
          <date>
            <long>1414477619720</long>
          </date>
          <hudson.plugins.disk__usage.DiskUsageOvearallGraphGenerator_-DiskUsageRecord_-1>
            <default>
              <outer-class reference="../../../.."/>
            </default>
          </hudson.plugins.disk__usage.DiskUsageOvearallGraphGenerator_-DiskUsageRecord_-1>
        </date>
        <jobsWithoutBuildsUsage>2306131506</jobsWithoutBuildsUsage>
        <allSpace>14385479680</allSpace>
      </hudson.plugins.disk__usage.DiskUsageOvearallGraphGenerator_-DiskUsageRecord>
      <hudson.plugins.disk__usage.DiskUsageOvearallGraphGenerator_-DiskUsageRecord>
        <buildUsage>822564</buildUsage>
        <wsUsage>2306054912</wsUsage>
        <date class="hudson.plugins.disk_usage.DiskUsageOvearallGraphGenerator$DiskUsageRecord$1" serialization="custom">
          <date>
            <long>1414564019714</long>
          </date>
          <hudson.plugins.disk__usage.DiskUsageOvearallGraphGenerator_-DiskUsageRecord_-1>
            <default>
              <outer-class reference="../../../.."/>
            </default>
          </hudson.plugins.disk__usage.DiskUsageOvearallGraphGenerator_-DiskUsageRecord_-1>
        </date>
        <jobsWithoutBuildsUsage>2306131506</jobsWithoutBuildsUsage>
        <allSpace>14385479680</allSpace>
      </hudson.plugins.disk__usage.DiskUsageOvearallGraphGenerator_-DiskUsageRecord>
      <hudson.plugins.disk__usage.DiskUsageOvearallGraphGenerator_-DiskUsageRecord>
        <buildUsage>900394</buildUsage>
        <wsUsage>2586536537</wsUsage>
        <date class="hudson.plugins.disk_usage.DiskUsageOvearallGraphGenerator$DiskUsageRecord$1" serialization="custom">
          <date>
            <long>1414719068194</long>
          </date>
          <hudson.plugins.disk__usage.DiskUsageOvearallGraphGenerator_-DiskUsageRecord_-1>
            <default>
              <outer-class reference="../../../.."/>
            </default>
          </hudson.plugins.disk__usage.DiskUsageOvearallGraphGenerator_-DiskUsageRecord_-1>
        </date>
        <jobsWithoutBuildsUsage>2586616224</jobsWithoutBuildsUsage>
        <allSpace>14385479680</allSpace>
      </hudson.plugins.disk__usage.DiskUsageOvearallGraphGenerator_-DiskUsageRecord>
      <hudson.plugins.disk__usage.DiskUsageOvearallGraphGenerator_-DiskUsageRecord>
        <buildUsage>900394</buildUsage>
        <wsUsage>2586536537</wsUsage>
        <date class="hudson.plugins.disk_usage.DiskUsageOvearallGraphGenerator$DiskUsageRecord$1" serialization="custom">
          <date>
            <long>1414805468191</long>
          </date>
          <hudson.plugins.disk__usage.DiskUsageOvearallGraphGenerator_-DiskUsageRecord_-1>
            <default>
              <outer-class reference="../../../.."/>
            </default>
          </hudson.plugins.disk__usage.DiskUsageOvearallGraphGenerator_-DiskUsageRecord_-1>
        </date>
        <jobsWithoutBuildsUsage>2586616224</jobsWithoutBuildsUsage>
        <allSpace>14385479680</allSpace>
      </hudson.plugins.disk__usage.DiskUsageOvearallGraphGenerator_-DiskUsageRecord>
      <hudson.plugins.disk__usage.DiskUsageOvearallGraphGenerator_-DiskUsageRecord>
        <buildUsage>1165156</buildUsage>
        <wsUsage>2875714360</wsUsage>
        <date class="hudson.plugins.disk_usage.DiskUsageOvearallGraphGenerator$DiskUsageRecord$1" serialization="custom">
          <date>
            <long>1414878308445</long>
          </date>
          <hudson.plugins.disk__usage.DiskUsageOvearallGraphGenerator_-DiskUsageRecord_-1>
            <default>
              <outer-class reference="../../../.."/>
            </default>
          </hudson.plugins.disk__usage.DiskUsageOvearallGraphGenerator_-DiskUsageRecord_-1>
        </date>
        <jobsWithoutBuildsUsage>2587385239</jobsWithoutBuildsUsage>
        <allSpace>14385479680</allSpace>
      </hudson.plugins.disk__usage.DiskUsageOvearallGraphGenerator_-DiskUsageRecord>
      <hudson.plugins.disk__usage.DiskUsageOvearallGraphGenerator_-DiskUsageRecord>
        <buildUsage>1165156</buildUsage>
        <wsUsage>2875714360</wsUsage>
        <date class="hudson.plugins.disk_usage.DiskUsageOvearallGraphGenerator$DiskUsageRecord$1" serialization="custom">
          <date>
            <long>1414964708405</long>
          </date>
          <hudson.plugins.disk__usage.DiskUsageOvearallGraphGenerator_-DiskUsageRecord_-1>
            <default>
              <outer-class reference="../../../.."/>
            </default>
          </hudson.plugins.disk__usage.DiskUsageOvearallGraphGenerator_-DiskUsageRecord_-1>
        </date>
        <jobsWithoutBuildsUsage>2587385239</jobsWithoutBuildsUsage>
        <allSpace>14385479680</allSpace>
      </hudson.plugins.disk__usage.DiskUsageOvearallGraphGenerator_-DiskUsageRecord>
      <hudson.plugins.disk__usage.DiskUsageOvearallGraphGenerator_-DiskUsageRecord>
        <buildUsage>1165156</buildUsage>
        <wsUsage>2875714360</wsUsage>
        <date class="hudson.plugins.disk_usage.DiskUsageOvearallGraphGenerator$DiskUsageRecord$1" serialization="custom">
          <date>
            <long>1415051108459</long>
          </date>
          <hudson.plugins.disk__usage.DiskUsageOvearallGraphGenerator_-DiskUsageRecord_-1>
            <default>
              <outer-class reference="../../../.."/>
            </default>
          </hudson.plugins.disk__usage.DiskUsageOvearallGraphGenerator_-DiskUsageRecord_-1>
        </date>
        <jobsWithoutBuildsUsage>2587386492</jobsWithoutBuildsUsage>
        <allSpace>14385479680</allSpace>
      </hudson.plugins.disk__usage.DiskUsageOvearallGraphGenerator_-DiskUsageRecord>
      <hudson.plugins.disk__usage.DiskUsageOvearallGraphGenerator_-DiskUsageRecord>
        <buildUsage>1165156</buildUsage>
        <wsUsage>2875714360</wsUsage>
        <date class="hudson.plugins.disk_usage.DiskUsageOvearallGraphGenerator$DiskUsageRecord$1" serialization="custom">
          <date>
            <long>1415137508409</long>
          </date>
          <hudson.plugins.disk__usage.DiskUsageOvearallGraphGenerator_-DiskUsageRecord_-1>
            <default>
              <outer-class reference="../../../.."/>
            </default>
          </hudson.plugins.disk__usage.DiskUsageOvearallGraphGenerator_-DiskUsageRecord_-1>
        </date>
        <jobsWithoutBuildsUsage>2587386492</jobsWithoutBuildsUsage>
        <allSpace>14385479680</allSpace>
      </hudson.plugins.disk__usage.DiskUsageOvearallGraphGenerator_-DiskUsageRecord>
      <hudson.plugins.disk__usage.DiskUsageOvearallGraphGenerator_-DiskUsageRecord>
        <buildUsage>1165156</buildUsage>
        <wsUsage>2875714360</wsUsage>
        <date class="hudson.plugins.disk_usage.DiskUsageOvearallGraphGenerator$DiskUsageRecord$1" serialization="custom">
          <date>
            <long>1415223908445</long>
          </date>
          <hudson.plugins.disk__usage.DiskUsageOvearallGraphGenerator_-DiskUsageRecord_-1>
            <default>
              <outer-class reference="../../../.."/>
            </default>
          </hudson.plugins.disk__usage.DiskUsageOvearallGraphGenerator_-DiskUsageRecord_-1>
        </date>
        <jobsWithoutBuildsUsage>2587386492</jobsWithoutBuildsUsage>
        <allSpace>14385479680</allSpace>
      </hudson.plugins.disk__usage.DiskUsageOvearallGraphGenerator_-DiskUsageRecord>
      <hudson.plugins.disk__usage.DiskUsageOvearallGraphGenerator_-DiskUsageRecord>
        <buildUsage>1165156</buildUsage>
        <wsUsage>2875714360</wsUsage>
        <date class="hudson.plugins.disk_usage.DiskUsageOvearallGraphGenerator$DiskUsageRecord$1" serialization="custom">
          <date>
            <long>1415310308394</long>
          </date>
          <hudson.plugins.disk__usage.DiskUsageOvearallGraphGenerator_-DiskUsageRecord_-1>
            <default>
              <outer-class reference="../../../.."/>
            </default>
          </hudson.plugins.disk__usage.DiskUsageOvearallGraphGenerator_-DiskUsageRecord_-1>
        </date>
        <jobsWithoutBuildsUsage>2587386492</jobsWithoutBuildsUsage>
        <allSpace>14385479680</allSpace>
      </hudson.plugins.disk__usage.DiskUsageOvearallGraphGenerator_-DiskUsageRecord>
      <hudson.plugins.disk__usage.DiskUsageOvearallGraphGenerator_-DiskUsageRecord>
        <buildUsage>1165156</buildUsage>
        <wsUsage>2875714360</wsUsage>
        <date class="hudson.plugins.disk_usage.DiskUsageOvearallGraphGenerator$DiskUsageRecord$1" serialization="custom">
          <date>
            <long>1415396708451</long>
          </date>
          <hudson.plugins.disk__usage.DiskUsageOvearallGraphGenerator_-DiskUsageRecord_-1>
            <default>
              <outer-class reference="../../../.."/>
            </default>
          </hudson.plugins.disk__usage.DiskUsageOvearallGraphGenerator_-DiskUsageRecord_-1>
        </date>
        <jobsWithoutBuildsUsage>2587386492</jobsWithoutBuildsUsage>
        <allSpace>14385479680</allSpace>
      </hudson.plugins.disk__usage.DiskUsageOvearallGraphGenerator_-DiskUsageRecord>
      <hudson.plugins.disk__usage.DiskUsageOvearallGraphGenerator_-DiskUsageRecord>
        <buildUsage>1165156</buildUsage>
        <wsUsage>1971498444</wsUsage>
        <date class="hudson.plugins.disk_usage.DiskUsageOvearallGraphGenerator$DiskUsageRecord$1" serialization="custom">
          <date>
            <long>1415537046857</long>
          </date>
          <hudson.plugins.disk__usage.DiskUsageOvearallGraphGenerator_-DiskUsageRecord_-1>
            <default>
              <outer-class reference="../../../.."/>
            </default>
          </hudson.plugins.disk__usage.DiskUsageOvearallGraphGenerator_-DiskUsageRecord_-1>
        </date>
        <jobsWithoutBuildsUsage>2587377221</jobsWithoutBuildsUsage>
        <allSpace>14385479680</allSpace>
      </hudson.plugins.disk__usage.DiskUsageOvearallGraphGenerator_-DiskUsageRecord>
      <hudson.plugins.disk__usage.DiskUsageOvearallGraphGenerator_-DiskUsageRecord>
        <buildUsage>1165156</buildUsage>
        <wsUsage>2875714360</wsUsage>
        <date class="hudson.plugins.disk_usage.DiskUsageOvearallGraphGenerator$DiskUsageRecord$1" serialization="custom">
          <date>
            <long>1415623445560</long>
          </date>
          <hudson.plugins.disk__usage.DiskUsageOvearallGraphGenerator_-DiskUsageRecord_-1>
            <default>
              <outer-class reference="../../../.."/>
            </default>
          </hudson.plugins.disk__usage.DiskUsageOvearallGraphGenerator_-DiskUsageRecord_-1>
        </date>
        <jobsWithoutBuildsUsage>2587386492</jobsWithoutBuildsUsage>
        <allSpace>14385479680</allSpace>
      </hudson.plugins.disk__usage.DiskUsageOvearallGraphGenerator_-DiskUsageRecord>
      <hudson.plugins.disk__usage.DiskUsageOvearallGraphGenerator_-DiskUsageRecord>
        <buildUsage>1165156</buildUsage>
        <wsUsage>2875714360</wsUsage>
        <date class="hudson.plugins.disk_usage.DiskUsageOvearallGraphGenerator$DiskUsageRecord$1" serialization="custom">
          <date>
            <long>1415709845564</long>
          </date>
          <hudson.plugins.disk__usage.DiskUsageOvearallGraphGenerator_-DiskUsageRecord_-1>
            <default>
              <outer-class reference="../../../.."/>
            </default>
          </hudson.plugins.disk__usage.DiskUsageOvearallGraphGenerator_-DiskUsageRecord_-1>
        </date>
        <jobsWithoutBuildsUsage>2587386492</jobsWithoutBuildsUsage>
        <allSpace>14385479680</allSpace>
      </hudson.plugins.disk__usage.DiskUsageOvearallGraphGenerator_-DiskUsageRecord>
      <hudson.plugins.disk__usage.DiskUsageOvearallGraphGenerator_-DiskUsageRecord>
        <buildUsage>1165156</buildUsage>
        <wsUsage>2875714360</wsUsage>
        <date class="hudson.plugins.disk_usage.DiskUsageOvearallGraphGenerator$DiskUsageRecord$1" serialization="custom">
          <date>
            <long>1415796245559</long>
          </date>
          <hudson.plugins.disk__usage.DiskUsageOvearallGraphGenerator_-DiskUsageRecord_-1>
            <default>
              <outer-class reference="../../../.."/>
            </default>
          </hudson.plugins.disk__usage.DiskUsageOvearallGraphGenerator_-DiskUsageRecord_-1>
        </date>
        <jobsWithoutBuildsUsage>2587386492</jobsWithoutBuildsUsage>
        <allSpace>14385479680</allSpace>
      </hudson.plugins.disk__usage.DiskUsageOvearallGraphGenerator_-DiskUsageRecord>
      <hudson.plugins.disk__usage.DiskUsageOvearallGraphGenerator_-DiskUsageRecord>
        <buildUsage>1165156</buildUsage>
        <wsUsage>2875714360</wsUsage>
        <date class="hudson.plugins.disk_usage.DiskUsageOvearallGraphGenerator$DiskUsageRecord$1" serialization="custom">
          <date>
            <long>1415882645558</long>
          </date>
          <hudson.plugins.disk__usage.DiskUsageOvearallGraphGenerator_-DiskUsageRecord_-1>
            <default>
              <outer-class reference="../../../.."/>
            </default>
          </hudson.plugins.disk__usage.DiskUsageOvearallGraphGenerator_-DiskUsageRecord_-1>
        </date>
        <jobsWithoutBuildsUsage>2587386492</jobsWithoutBuildsUsage>
        <allSpace>14385479680</allSpace>
      </hudson.plugins.disk__usage.DiskUsageOvearallGraphGenerator_-DiskUsageRecord>
      <hudson.plugins.disk__usage.DiskUsageOvearallGraphGenerator_-DiskUsageRecord>
        <buildUsage>1165156</buildUsage>
        <wsUsage>2875714360</wsUsage>
        <date class="hudson.plugins.disk_usage.DiskUsageOvearallGraphGenerator$DiskUsageRecord$1" serialization="custom">
          <date>
            <long>1415969045560</long>
          </date>
          <hudson.plugins.disk__usage.DiskUsageOvearallGraphGenerator_-DiskUsageRecord_-1>
            <default>
              <outer-class reference="../../../.."/>
            </default>
          </hudson.plugins.disk__usage.DiskUsageOvearallGraphGenerator_-DiskUsageRecord_-1>
        </date>
        <jobsWithoutBuildsUsage>2587386492</jobsWithoutBuildsUsage>
        <allSpace>14385479680</allSpace>
      </hudson.plugins.disk__usage.DiskUsageOvearallGraphGenerator_-DiskUsageRecord>
      <hudson.plugins.disk__usage.DiskUsageOvearallGraphGenerator_-DiskUsageRecord>
        <buildUsage>1165156</buildUsage>
        <wsUsage>2875714360</wsUsage>
        <date class="hudson.plugins.disk_usage.DiskUsageOvearallGraphGenerator$DiskUsageRecord$1" serialization="custom">
          <date>
            <long>1416055445559</long>
          </date>
          <hudson.plugins.disk__usage.DiskUsageOvearallGraphGenerator_-DiskUsageRecord_-1>
            <default>
              <outer-class reference="../../../.."/>
            </default>
          </hudson.plugins.disk__usage.DiskUsageOvearallGraphGenerator_-DiskUsageRecord_-1>
        </date>
        <jobsWithoutBuildsUsage>2587386492</jobsWithoutBuildsUsage>
        <allSpace>14385479680</allSpace>
      </hudson.plugins.disk__usage.DiskUsageOvearallGraphGenerator_-DiskUsageRecord>
      <hudson.plugins.disk__usage.DiskUsageOvearallGraphGenerator_-DiskUsageRecord>
        <buildUsage>1165156</buildUsage>
        <wsUsage>2875714360</wsUsage>
        <date class="hudson.plugins.disk_usage.DiskUsageOvearallGraphGenerator$DiskUsageRecord$1" serialization="custom">
          <date>
            <long>1416141845560</long>
          </date>
          <hudson.plugins.disk__usage.DiskUsageOvearallGraphGenerator_-DiskUsageRecord_-1>
            <default>
              <outer-class reference="../../../.."/>
            </default>
          </hudson.plugins.disk__usage.DiskUsageOvearallGraphGenerator_-DiskUsageRecord_-1>
        </date>
        <jobsWithoutBuildsUsage>2587386492</jobsWithoutBuildsUsage>
        <allSpace>14385479680</allSpace>
      </hudson.plugins.disk__usage.DiskUsageOvearallGraphGenerator_-DiskUsageRecord>
      <hudson.plugins.disk__usage.DiskUsageOvearallGraphGenerator_-DiskUsageRecord>
        <buildUsage>1165156</buildUsage>
        <wsUsage>2875714360</wsUsage>
        <date class="hudson.plugins.disk_usage.DiskUsageOvearallGraphGenerator$DiskUsageRecord$1" serialization="custom">
          <date>
            <long>1416228245556</long>
          </date>
          <hudson.plugins.disk__usage.DiskUsageOvearallGraphGenerator_-DiskUsageRecord_-1>
            <default>
              <outer-class reference="../../../.."/>
            </default>
          </hudson.plugins.disk__usage.DiskUsageOvearallGraphGenerator_-DiskUsageRecord_-1>
        </date>
        <jobsWithoutBuildsUsage>2587386492</jobsWithoutBuildsUsage>
        <allSpace>14385479680</allSpace>
      </hudson.plugins.disk__usage.DiskUsageOvearallGraphGenerator_-DiskUsageRecord>
      <hudson.plugins.disk__usage.DiskUsageOvearallGraphGenerator_-DiskUsageRecord>
        <buildUsage>1165156</buildUsage>
        <wsUsage>2875714360</wsUsage>
        <date class="hudson.plugins.disk_usage.DiskUsageOvearallGraphGenerator$DiskUsageRecord$1" serialization="custom">
          <date>
            <long>1416314645561</long>
          </date>
          <hudson.plugins.disk__usage.DiskUsageOvearallGraphGenerator_-DiskUsageRecord_-1>
            <default>
              <outer-class reference="../../../.."/>
            </default>
          </hudson.plugins.disk__usage.DiskUsageOvearallGraphGenerator_-DiskUsageRecord_-1>
        </date>
        <jobsWithoutBuildsUsage>2587386492</jobsWithoutBuildsUsage>
        <allSpace>14385479680</allSpace>
      </hudson.plugins.disk__usage.DiskUsageOvearallGraphGenerator_-DiskUsageRecord>
      <hudson.plugins.disk__usage.DiskUsageOvearallGraphGenerator_-DiskUsageRecord>
        <buildUsage>1165156</buildUsage>
        <wsUsage>2875714360</wsUsage>
        <date class="hudson.plugins.disk_usage.DiskUsageOvearallGraphGenerator$DiskUsageRecord$1" serialization="custom">
          <date>
            <long>1416401045556</long>
          </date>
          <hudson.plugins.disk__usage.DiskUsageOvearallGraphGenerator_-DiskUsageRecord_-1>
            <default>
              <outer-class reference="../../../.."/>
            </default>
          </hudson.plugins.disk__usage.DiskUsageOvearallGraphGenerator_-DiskUsageRecord_-1>
        </date>
        <jobsWithoutBuildsUsage>2587386492</jobsWithoutBuildsUsage>
        <allSpace>14385479680</allSpace>
      </hudson.plugins.disk__usage.DiskUsageOvearallGraphGenerator_-DiskUsageRecord>
      <hudson.plugins.disk__usage.DiskUsageOvearallGraphGenerator_-DiskUsageRecord>
        <buildUsage>1165156</buildUsage>
        <wsUsage>2875714360</wsUsage>
        <date class="hudson.plugins.disk_usage.DiskUsageOvearallGraphGenerator$DiskUsageRecord$1" serialization="custom">
          <date>
            <long>1416487445561</long>
          </date>
          <hudson.plugins.disk__usage.DiskUsageOvearallGraphGenerator_-DiskUsageRecord_-1>
            <default>
              <outer-class reference="../../../.."/>
            </default>
          </hudson.plugins.disk__usage.DiskUsageOvearallGraphGenerator_-DiskUsageRecord_-1>
        </date>
        <jobsWithoutBuildsUsage>2587386492</jobsWithoutBuildsUsage>
        <allSpace>14385479680</allSpace>
      </hudson.plugins.disk__usage.DiskUsageOvearallGraphGenerator_-DiskUsageRecord>
      <hudson.plugins.disk__usage.DiskUsageOvearallGraphGenerator_-DiskUsageRecord>
        <buildUsage>1165156</buildUsage>
        <wsUsage>2875714360</wsUsage>
        <date class="hudson.plugins.disk_usage.DiskUsageOvearallGraphGenerator$DiskUsageRecord$1" serialization="custom">
          <date>
            <long>1416573845557</long>
          </date>
          <hudson.plugins.disk__usage.DiskUsageOvearallGraphGenerator_-DiskUsageRecord_-1>
            <default>
              <outer-class reference="../../../.."/>
            </default>
          </hudson.plugins.disk__usage.DiskUsageOvearallGraphGenerator_-DiskUsageRecord_-1>
        </date>
        <jobsWithoutBuildsUsage>2587386492</jobsWithoutBuildsUsage>
        <allSpace>14385479680</allSpace>
      </hudson.plugins.disk__usage.DiskUsageOvearallGraphGenerator_-DiskUsageRecord>
      <hudson.plugins.disk__usage.DiskUsageOvearallGraphGenerator_-DiskUsageRecord>
        <buildUsage>1444110</buildUsage>
        <wsUsage>2882047276</wsUsage>
        <date class="hudson.plugins.disk_usage.DiskUsageOvearallGraphGenerator$DiskUsageRecord$1" serialization="custom">
          <date>
            <long>1416660245622</long>
          </date>
          <hudson.plugins.disk__usage.DiskUsageOvearallGraphGenerator_-DiskUsageRecord_-1>
            <default>
              <outer-class reference="../../../.."/>
            </default>
          </hudson.plugins.disk__usage.DiskUsageOvearallGraphGenerator_-DiskUsageRecord_-1>
        </date>
        <jobsWithoutBuildsUsage>2587386492</jobsWithoutBuildsUsage>
        <allSpace>14385479680</allSpace>
      </hudson.plugins.disk__usage.DiskUsageOvearallGraphGenerator_-DiskUsageRecord>
      <hudson.plugins.disk__usage.DiskUsageOvearallGraphGenerator_-DiskUsageRecord>
        <buildUsage>2109108</buildUsage>
        <wsUsage>2882358166</wsUsage>
        <date class="hudson.plugins.disk_usage.DiskUsageOvearallGraphGenerator$DiskUsageRecord$1" serialization="custom">
          <date>
            <long>1416746645599</long>
          </date>
          <hudson.plugins.disk__usage.DiskUsageOvearallGraphGenerator_-DiskUsageRecord_-1>
            <default>
              <outer-class reference="../../../.."/>
            </default>
          </hudson.plugins.disk__usage.DiskUsageOvearallGraphGenerator_-DiskUsageRecord_-1>
        </date>
        <jobsWithoutBuildsUsage>2587386492</jobsWithoutBuildsUsage>
        <allSpace>14385479680</allSpace>
      </hudson.plugins.disk__usage.DiskUsageOvearallGraphGenerator_-DiskUsageRecord>
      <hudson.plugins.disk__usage.DiskUsageOvearallGraphGenerator_-DiskUsageRecord>
        <buildUsage>2109108</buildUsage>
        <wsUsage>2882358166</wsUsage>
        <date class="hudson.plugins.disk_usage.DiskUsageOvearallGraphGenerator$DiskUsageRecord$1" serialization="custom">
          <date>
            <long>1416833045629</long>
          </date>
          <hudson.plugins.disk__usage.DiskUsageOvearallGraphGenerator_-DiskUsageRecord_-1>
            <default>
              <outer-class reference="../../../.."/>
            </default>
          </hudson.plugins.disk__usage.DiskUsageOvearallGraphGenerator_-DiskUsageRecord_-1>
        </date>
        <jobsWithoutBuildsUsage>2587386492</jobsWithoutBuildsUsage>
        <allSpace>14385479680</allSpace>
      </hudson.plugins.disk__usage.DiskUsageOvearallGraphGenerator_-DiskUsageRecord>
      <hudson.plugins.disk__usage.DiskUsageOvearallGraphGenerator_-DiskUsageRecord>
        <buildUsage>2109108</buildUsage>
        <wsUsage>2882358166</wsUsage>
        <date class="hudson.plugins.disk_usage.DiskUsageOvearallGraphGenerator$DiskUsageRecord$1" serialization="custom">
          <date>
            <long>1416919445597</long>
          </date>
          <hudson.plugins.disk__usage.DiskUsageOvearallGraphGenerator_-DiskUsageRecord_-1>
            <default>
              <outer-class reference="../../../.."/>
            </default>
          </hudson.plugins.disk__usage.DiskUsageOvearallGraphGenerator_-DiskUsageRecord_-1>
        </date>
        <jobsWithoutBuildsUsage>2587386492</jobsWithoutBuildsUsage>
        <allSpace>14385479680</allSpace>
      </hudson.plugins.disk__usage.DiskUsageOvearallGraphGenerator_-DiskUsageRecord>
      <hudson.plugins.disk__usage.DiskUsageOvearallGraphGenerator_-DiskUsageRecord>
        <buildUsage>2109108</buildUsage>
        <wsUsage>2882358166</wsUsage>
        <date class="hudson.plugins.disk_usage.DiskUsageOvearallGraphGenerator$DiskUsageRecord$1" serialization="custom">
          <date>
            <long>1417005845610</long>
          </date>
          <hudson.plugins.disk__usage.DiskUsageOvearallGraphGenerator_-DiskUsageRecord_-1>
            <default>
              <outer-class reference="../../../.."/>
            </default>
          </hudson.plugins.disk__usage.DiskUsageOvearallGraphGenerator_-DiskUsageRecord_-1>
        </date>
        <jobsWithoutBuildsUsage>2587386492</jobsWithoutBuildsUsage>
        <allSpace>14385479680</allSpace>
      </hudson.plugins.disk__usage.DiskUsageOvearallGraphGenerator_-DiskUsageRecord>
      <hudson.plugins.disk__usage.DiskUsageOvearallGraphGenerator_-DiskUsageRecord>
        <buildUsage>2109108</buildUsage>
        <wsUsage>2882358166</wsUsage>
        <date class="hudson.plugins.disk_usage.DiskUsageOvearallGraphGenerator$DiskUsageRecord$1" serialization="custom">
          <date>
            <long>1417092245605</long>
          </date>
          <hudson.plugins.disk__usage.DiskUsageOvearallGraphGenerator_-DiskUsageRecord_-1>
            <default>
              <outer-class reference="../../../.."/>
            </default>
          </hudson.plugins.disk__usage.DiskUsageOvearallGraphGenerator_-DiskUsageRecord_-1>
        </date>
        <jobsWithoutBuildsUsage>2587386492</jobsWithoutBuildsUsage>
        <allSpace>14385479680</allSpace>
      </hudson.plugins.disk__usage.DiskUsageOvearallGraphGenerator_-DiskUsageRecord>
      <hudson.plugins.disk__usage.DiskUsageOvearallGraphGenerator_-DiskUsageRecord>
        <buildUsage>2109108</buildUsage>
        <wsUsage>2882358166</wsUsage>
        <date class="hudson.plugins.disk_usage.DiskUsageOvearallGraphGenerator$DiskUsageRecord$1" serialization="custom">
          <date>
            <long>1417284562151</long>
          </date>
          <hudson.plugins.disk__usage.DiskUsageOvearallGraphGenerator_-DiskUsageRecord_-1>
            <default>
              <outer-class reference="../../../.."/>
            </default>
          </hudson.plugins.disk__usage.DiskUsageOvearallGraphGenerator_-DiskUsageRecord_-1>
        </date>
        <jobsWithoutBuildsUsage>2587386492</jobsWithoutBuildsUsage>
        <allSpace>14385479680</allSpace>
      </hudson.plugins.disk__usage.DiskUsageOvearallGraphGenerator_-DiskUsageRecord>
      <hudson.plugins.disk__usage.DiskUsageOvearallGraphGenerator_-DiskUsageRecord>
        <buildUsage>2109108</buildUsage>
        <wsUsage>1978142250</wsUsage>
        <date class="hudson.plugins.disk_usage.DiskUsageOvearallGraphGenerator$DiskUsageRecord$1" serialization="custom">
          <date>
            <long>1418535491179</long>
          </date>
          <hudson.plugins.disk__usage.DiskUsageOvearallGraphGenerator_-DiskUsageRecord_-1>
            <default>
              <outer-class reference="../../../.."/>
            </default>
          </hudson.plugins.disk__usage.DiskUsageOvearallGraphGenerator_-DiskUsageRecord_-1>
        </date>
        <jobsWithoutBuildsUsage>2587377221</jobsWithoutBuildsUsage>
        <allSpace>14385479680</allSpace>
      </hudson.plugins.disk__usage.DiskUsageOvearallGraphGenerator_-DiskUsageRecord>
      <hudson.plugins.disk__usage.DiskUsageOvearallGraphGenerator_-DiskUsageRecord>
        <buildUsage>2109108</buildUsage>
        <wsUsage>2601107303</wsUsage>
        <date class="hudson.plugins.disk_usage.DiskUsageOvearallGraphGenerator$DiskUsageRecord$1" serialization="custom">
          <date>
            <long>1418621889830</long>
          </date>
          <hudson.plugins.disk__usage.DiskUsageOvearallGraphGenerator_-DiskUsageRecord_-1>
            <default>
              <outer-class reference="../../../.."/>
            </default>
          </hudson.plugins.disk__usage.DiskUsageOvearallGraphGenerator_-DiskUsageRecord_-1>
        </date>
        <jobsWithoutBuildsUsage>2306135470</jobsWithoutBuildsUsage>
        <allSpace>14385479680</allSpace>
      </hudson.plugins.disk__usage.DiskUsageOvearallGraphGenerator_-DiskUsageRecord>
      <hudson.plugins.disk__usage.DiskUsageOvearallGraphGenerator_-DiskUsageRecord>
        <buildUsage>2109108</buildUsage>
        <wsUsage>2601107303</wsUsage>
        <date class="hudson.plugins.disk_usage.DiskUsageOvearallGraphGenerator$DiskUsageRecord$1" serialization="custom">
          <date>
            <long>1418708289776</long>
          </date>
          <hudson.plugins.disk__usage.DiskUsageOvearallGraphGenerator_-DiskUsageRecord_-1>
            <default>
              <outer-class reference="../../../.."/>
            </default>
          </hudson.plugins.disk__usage.DiskUsageOvearallGraphGenerator_-DiskUsageRecord_-1>
        </date>
        <jobsWithoutBuildsUsage>2306135470</jobsWithoutBuildsUsage>
        <allSpace>14385479680</allSpace>
      </hudson.plugins.disk__usage.DiskUsageOvearallGraphGenerator_-DiskUsageRecord>
      <hudson.plugins.disk__usage.DiskUsageOvearallGraphGenerator_-DiskUsageRecord>
        <buildUsage>2109108</buildUsage>
        <wsUsage>2601107303</wsUsage>
        <date class="hudson.plugins.disk_usage.DiskUsageOvearallGraphGenerator$DiskUsageRecord$1" serialization="custom">
          <date>
            <long>1418794689772</long>
          </date>
          <hudson.plugins.disk__usage.DiskUsageOvearallGraphGenerator_-DiskUsageRecord_-1>
            <default>
              <outer-class reference="../../../.."/>
            </default>
          </hudson.plugins.disk__usage.DiskUsageOvearallGraphGenerator_-DiskUsageRecord_-1>
        </date>
        <jobsWithoutBuildsUsage>2306135470</jobsWithoutBuildsUsage>
        <allSpace>14385479680</allSpace>
      </hudson.plugins.disk__usage.DiskUsageOvearallGraphGenerator_-DiskUsageRecord>
      <hudson.plugins.disk__usage.DiskUsageOvearallGraphGenerator_-DiskUsageRecord>
        <buildUsage>2109108</buildUsage>
        <wsUsage>2601107303</wsUsage>
        <date class="hudson.plugins.disk_usage.DiskUsageOvearallGraphGenerator$DiskUsageRecord$1" serialization="custom">
          <date>
            <long>1418881089773</long>
          </date>
          <hudson.plugins.disk__usage.DiskUsageOvearallGraphGenerator_-DiskUsageRecord_-1>
            <default>
              <outer-class reference="../../../.."/>
            </default>
          </hudson.plugins.disk__usage.DiskUsageOvearallGraphGenerator_-DiskUsageRecord_-1>
        </date>
        <jobsWithoutBuildsUsage>2306135470</jobsWithoutBuildsUsage>
        <allSpace>14385479680</allSpace>
      </hudson.plugins.disk__usage.DiskUsageOvearallGraphGenerator_-DiskUsageRecord>
      <hudson.plugins.disk__usage.DiskUsageOvearallGraphGenerator_-DiskUsageRecord>
        <buildUsage>2109108</buildUsage>
        <wsUsage>2601107303</wsUsage>
        <date class="hudson.plugins.disk_usage.DiskUsageOvearallGraphGenerator$DiskUsageRecord$1" serialization="custom">
          <date>
            <long>1418967489811</long>
          </date>
          <hudson.plugins.disk__usage.DiskUsageOvearallGraphGenerator_-DiskUsageRecord_-1>
            <default>
              <outer-class reference="../../../.."/>
            </default>
          </hudson.plugins.disk__usage.DiskUsageOvearallGraphGenerator_-DiskUsageRecord_-1>
        </date>
        <jobsWithoutBuildsUsage>2306144726</jobsWithoutBuildsUsage>
        <allSpace>14385479680</allSpace>
      </hudson.plugins.disk__usage.DiskUsageOvearallGraphGenerator_-DiskUsageRecord>
      <hudson.plugins.disk__usage.DiskUsageOvearallGraphGenerator_-DiskUsageRecord>
        <buildUsage>2109108</buildUsage>
        <wsUsage>2601107303</wsUsage>
        <date class="hudson.plugins.disk_usage.DiskUsageOvearallGraphGenerator$DiskUsageRecord$1" serialization="custom">
          <date>
            <long>1419053889811</long>
          </date>
          <hudson.plugins.disk__usage.DiskUsageOvearallGraphGenerator_-DiskUsageRecord_-1>
            <default>
              <outer-class reference="../../../.."/>
            </default>
          </hudson.plugins.disk__usage.DiskUsageOvearallGraphGenerator_-DiskUsageRecord_-1>
        </date>
        <jobsWithoutBuildsUsage>2306144726</jobsWithoutBuildsUsage>
        <allSpace>14385479680</allSpace>
      </hudson.plugins.disk__usage.DiskUsageOvearallGraphGenerator_-DiskUsageRecord>
      <hudson.plugins.disk__usage.DiskUsageOvearallGraphGenerator_-DiskUsageRecord>
        <buildUsage>2109108</buildUsage>
        <wsUsage>2601107303</wsUsage>
        <date class="hudson.plugins.disk_usage.DiskUsageOvearallGraphGenerator$DiskUsageRecord$1" serialization="custom">
          <date>
            <long>1419140289826</long>
          </date>
          <hudson.plugins.disk__usage.DiskUsageOvearallGraphGenerator_-DiskUsageRecord_-1>
            <default>
              <outer-class reference="../../../.."/>
            </default>
          </hudson.plugins.disk__usage.DiskUsageOvearallGraphGenerator_-DiskUsageRecord_-1>
        </date>
        <jobsWithoutBuildsUsage>2306144726</jobsWithoutBuildsUsage>
        <allSpace>14385479680</allSpace>
      </hudson.plugins.disk__usage.DiskUsageOvearallGraphGenerator_-DiskUsageRecord>
      <hudson.plugins.disk__usage.DiskUsageOvearallGraphGenerator_-DiskUsageRecord>
        <buildUsage>2109108</buildUsage>
        <wsUsage>2601107303</wsUsage>
        <date class="hudson.plugins.disk_usage.DiskUsageOvearallGraphGenerator$DiskUsageRecord$1" serialization="custom">
          <date>
            <long>1419226689814</long>
          </date>
          <hudson.plugins.disk__usage.DiskUsageOvearallGraphGenerator_-DiskUsageRecord_-1>
            <default>
              <outer-class reference="../../../.."/>
            </default>
          </hudson.plugins.disk__usage.DiskUsageOvearallGraphGenerator_-DiskUsageRecord_-1>
        </date>
        <jobsWithoutBuildsUsage>2306144726</jobsWithoutBuildsUsage>
        <allSpace>14385479680</allSpace>
      </hudson.plugins.disk__usage.DiskUsageOvearallGraphGenerator_-DiskUsageRecord>
      <hudson.plugins.disk__usage.DiskUsageOvearallGraphGenerator_-DiskUsageRecord>
        <buildUsage>2109108</buildUsage>
        <wsUsage>2601107303</wsUsage>
        <date class="hudson.plugins.disk_usage.DiskUsageOvearallGraphGenerator$DiskUsageRecord$1" serialization="custom">
          <date>
            <long>1419313089810</long>
          </date>
          <hudson.plugins.disk__usage.DiskUsageOvearallGraphGenerator_-DiskUsageRecord_-1>
            <default>
              <outer-class reference="../../../.."/>
            </default>
          </hudson.plugins.disk__usage.DiskUsageOvearallGraphGenerator_-DiskUsageRecord_-1>
        </date>
        <jobsWithoutBuildsUsage>2306144726</jobsWithoutBuildsUsage>
        <allSpace>14385479680</allSpace>
      </hudson.plugins.disk__usage.DiskUsageOvearallGraphGenerator_-DiskUsageRecord>
      <hudson.plugins.disk__usage.DiskUsageOvearallGraphGenerator_-DiskUsageRecord>
        <buildUsage>2109108</buildUsage>
        <wsUsage>2601107303</wsUsage>
        <date class="hudson.plugins.disk_usage.DiskUsageOvearallGraphGenerator$DiskUsageRecord$1" serialization="custom">
          <date>
            <long>1419399489818</long>
          </date>
          <hudson.plugins.disk__usage.DiskUsageOvearallGraphGenerator_-DiskUsageRecord_-1>
            <default>
              <outer-class reference="../../../.."/>
            </default>
          </hudson.plugins.disk__usage.DiskUsageOvearallGraphGenerator_-DiskUsageRecord_-1>
        </date>
        <jobsWithoutBuildsUsage>2306144726</jobsWithoutBuildsUsage>
        <allSpace>14385479680</allSpace>
      </hudson.plugins.disk__usage.DiskUsageOvearallGraphGenerator_-DiskUsageRecord>
      <hudson.plugins.disk__usage.DiskUsageOvearallGraphGenerator_-DiskUsageRecord>
        <buildUsage>2109108</buildUsage>
        <wsUsage>2601107303</wsUsage>
        <date class="hudson.plugins.disk_usage.DiskUsageOvearallGraphGenerator$DiskUsageRecord$1" serialization="custom">
          <date>
            <long>1419485889809</long>
          </date>
          <hudson.plugins.disk__usage.DiskUsageOvearallGraphGenerator_-DiskUsageRecord_-1>
            <default>
              <outer-class reference="../../../.."/>
            </default>
          </hudson.plugins.disk__usage.DiskUsageOvearallGraphGenerator_-DiskUsageRecord_-1>
        </date>
        <jobsWithoutBuildsUsage>2306144726</jobsWithoutBuildsUsage>
        <allSpace>14385479680</allSpace>
      </hudson.plugins.disk__usage.DiskUsageOvearallGraphGenerator_-DiskUsageRecord>
      <hudson.plugins.disk__usage.DiskUsageOvearallGraphGenerator_-DiskUsageRecord>
        <buildUsage>2109108</buildUsage>
        <wsUsage>2601107303</wsUsage>
        <date class="hudson.plugins.disk_usage.DiskUsageOvearallGraphGenerator$DiskUsageRecord$1" serialization="custom">
          <date>
            <long>1419572289880</long>
          </date>
          <hudson.plugins.disk__usage.DiskUsageOvearallGraphGenerator_-DiskUsageRecord_-1>
            <default>
              <outer-class reference="../../../.."/>
            </default>
          </hudson.plugins.disk__usage.DiskUsageOvearallGraphGenerator_-DiskUsageRecord_-1>
        </date>
        <jobsWithoutBuildsUsage>2306144726</jobsWithoutBuildsUsage>
        <allSpace>14385479680</allSpace>
      </hudson.plugins.disk__usage.DiskUsageOvearallGraphGenerator_-DiskUsageRecord>
      <hudson.plugins.disk__usage.DiskUsageOvearallGraphGenerator_-DiskUsageRecord>
        <buildUsage>2109108</buildUsage>
        <wsUsage>2601107303</wsUsage>
        <date class="hudson.plugins.disk_usage.DiskUsageOvearallGraphGenerator$DiskUsageRecord$1" serialization="custom">
          <date>
            <long>1419658689848</long>
          </date>
          <hudson.plugins.disk__usage.DiskUsageOvearallGraphGenerator_-DiskUsageRecord_-1>
            <default>
              <outer-class reference="../../../.."/>
            </default>
          </hudson.plugins.disk__usage.DiskUsageOvearallGraphGenerator_-DiskUsageRecord_-1>
        </date>
        <jobsWithoutBuildsUsage>2306144726</jobsWithoutBuildsUsage>
        <allSpace>14385479680</allSpace>
      </hudson.plugins.disk__usage.DiskUsageOvearallGraphGenerator_-DiskUsageRecord>
      <hudson.plugins.disk__usage.DiskUsageOvearallGraphGenerator_-DiskUsageRecord>
        <buildUsage>2109108</buildUsage>
        <wsUsage>2601107303</wsUsage>
        <date class="hudson.plugins.disk_usage.DiskUsageOvearallGraphGenerator$DiskUsageRecord$1" serialization="custom">
          <date>
            <long>1419745089814</long>
          </date>
          <hudson.plugins.disk__usage.DiskUsageOvearallGraphGenerator_-DiskUsageRecord_-1>
            <default>
              <outer-class reference="../../../.."/>
            </default>
          </hudson.plugins.disk__usage.DiskUsageOvearallGraphGenerator_-DiskUsageRecord_-1>
        </date>
        <jobsWithoutBuildsUsage>2306144726</jobsWithoutBuildsUsage>
        <allSpace>14385479680</allSpace>
      </hudson.plugins.disk__usage.DiskUsageOvearallGraphGenerator_-DiskUsageRecord>
      <hudson.plugins.disk__usage.DiskUsageOvearallGraphGenerator_-DiskUsageRecord>
        <buildUsage>2109108</buildUsage>
        <wsUsage>2601107303</wsUsage>
        <date class="hudson.plugins.disk_usage.DiskUsageOvearallGraphGenerator$DiskUsageRecord$1" serialization="custom">
          <date>
            <long>1419831489824</long>
          </date>
          <hudson.plugins.disk__usage.DiskUsageOvearallGraphGenerator_-DiskUsageRecord_-1>
            <default>
              <outer-class reference="../../../.."/>
            </default>
          </hudson.plugins.disk__usage.DiskUsageOvearallGraphGenerator_-DiskUsageRecord_-1>
        </date>
        <jobsWithoutBuildsUsage>2306144726</jobsWithoutBuildsUsage>
        <allSpace>14385479680</allSpace>
      </hudson.plugins.disk__usage.DiskUsageOvearallGraphGenerator_-DiskUsageRecord>
      <hudson.plugins.disk__usage.DiskUsageOvearallGraphGenerator_-DiskUsageRecord>
        <buildUsage>2109108</buildUsage>
        <wsUsage>2601107303</wsUsage>
        <date class="hudson.plugins.disk_usage.DiskUsageOvearallGraphGenerator$DiskUsageRecord$1" serialization="custom">
          <date>
            <long>1419917889812</long>
          </date>
          <hudson.plugins.disk__usage.DiskUsageOvearallGraphGenerator_-DiskUsageRecord_-1>
            <default>
              <outer-class reference="../../../.."/>
            </default>
          </hudson.plugins.disk__usage.DiskUsageOvearallGraphGenerator_-DiskUsageRecord_-1>
        </date>
        <jobsWithoutBuildsUsage>2306144726</jobsWithoutBuildsUsage>
        <allSpace>14385479680</allSpace>
      </hudson.plugins.disk__usage.DiskUsageOvearallGraphGenerator_-DiskUsageRecord>
      <hudson.plugins.disk__usage.DiskUsageOvearallGraphGenerator_-DiskUsageRecord>
        <buildUsage>2109108</buildUsage>
        <wsUsage>2601107303</wsUsage>
        <date class="hudson.plugins.disk_usage.DiskUsageOvearallGraphGenerator$DiskUsageRecord$1" serialization="custom">
          <date>
            <long>1420004289862</long>
          </date>
          <hudson.plugins.disk__usage.DiskUsageOvearallGraphGenerator_-DiskUsageRecord_-1>
            <default>
              <outer-class reference="../../../.."/>
            </default>
          </hudson.plugins.disk__usage.DiskUsageOvearallGraphGenerator_-DiskUsageRecord_-1>
        </date>
        <jobsWithoutBuildsUsage>2306144726</jobsWithoutBuildsUsage>
        <allSpace>14385479680</allSpace>
      </hudson.plugins.disk__usage.DiskUsageOvearallGraphGenerator_-DiskUsageRecord>
      <hudson.plugins.disk__usage.DiskUsageOvearallGraphGenerator_-DiskUsageRecord>
        <buildUsage>2109108</buildUsage>
        <wsUsage>2601107303</wsUsage>
        <date class="hudson.plugins.disk_usage.DiskUsageOvearallGraphGenerator$DiskUsageRecord$1" serialization="custom">
          <date>
            <long>1420090689822</long>
          </date>
          <hudson.plugins.disk__usage.DiskUsageOvearallGraphGenerator_-DiskUsageRecord_-1>
            <default>
              <outer-class reference="../../../.."/>
            </default>
          </hudson.plugins.disk__usage.DiskUsageOvearallGraphGenerator_-DiskUsageRecord_-1>
        </date>
        <jobsWithoutBuildsUsage>2306144726</jobsWithoutBuildsUsage>
        <allSpace>14385479680</allSpace>
      </hudson.plugins.disk__usage.DiskUsageOvearallGraphGenerator_-DiskUsageRecord>
      <hudson.plugins.disk__usage.DiskUsageOvearallGraphGenerator_-DiskUsageRecord>
        <buildUsage>2109108</buildUsage>
        <wsUsage>2601107303</wsUsage>
        <date class="hudson.plugins.disk_usage.DiskUsageOvearallGraphGenerator$DiskUsageRecord$1" serialization="custom">
          <date>
            <long>1420177089831</long>
          </date>
          <hudson.plugins.disk__usage.DiskUsageOvearallGraphGenerator_-DiskUsageRecord_-1>
            <default>
              <outer-class reference="../../../.."/>
            </default>
          </hudson.plugins.disk__usage.DiskUsageOvearallGraphGenerator_-DiskUsageRecord_-1>
        </date>
        <jobsWithoutBuildsUsage>2306144726</jobsWithoutBuildsUsage>
        <allSpace>14385479680</allSpace>
      </hudson.plugins.disk__usage.DiskUsageOvearallGraphGenerator_-DiskUsageRecord>
      <hudson.plugins.disk__usage.DiskUsageOvearallGraphGenerator_-DiskUsageRecord>
        <buildUsage>2856354</buildUsage>
        <wsUsage>1248726342</wsUsage>
        <date class="hudson.plugins.disk_usage.DiskUsageOvearallGraphGenerator$DiskUsageRecord$1" serialization="custom">
          <date>
            <long>1420263491722</long>
          </date>
          <hudson.plugins.disk__usage.DiskUsageOvearallGraphGenerator_-DiskUsageRecord_-1>
            <default>
              <outer-class reference="../../../.."/>
            </default>
          </hudson.plugins.disk__usage.DiskUsageOvearallGraphGenerator_-DiskUsageRecord_-1>
        </date>
        <jobsWithoutBuildsUsage>2306135455</jobsWithoutBuildsUsage>
        <allSpace>14385479680</allSpace>
      </hudson.plugins.disk__usage.DiskUsageOvearallGraphGenerator_-DiskUsageRecord>
      <hudson.plugins.disk__usage.DiskUsageOvearallGraphGenerator_-DiskUsageRecord>
        <buildUsage>3061880</buildUsage>
        <wsUsage>1974277739</wsUsage>
        <date class="hudson.plugins.disk_usage.DiskUsageOvearallGraphGenerator$DiskUsageRecord$1" serialization="custom">
          <date>
            <long>1420349889794</long>
          </date>
          <hudson.plugins.disk__usage.DiskUsageOvearallGraphGenerator_-DiskUsageRecord_-1>
            <default>
              <outer-class reference="../../../.."/>
            </default>
          </hudson.plugins.disk__usage.DiskUsageOvearallGraphGenerator_-DiskUsageRecord_-1>
        </date>
        <jobsWithoutBuildsUsage>1679315440</jobsWithoutBuildsUsage>
        <allSpace>14385479680</allSpace>
      </hudson.plugins.disk__usage.DiskUsageOvearallGraphGenerator_-DiskUsageRecord>
      <hudson.plugins.disk__usage.DiskUsageOvearallGraphGenerator_-DiskUsageRecord>
        <buildUsage>3418003</buildUsage>
        <wsUsage>1974278558</wsUsage>
        <date class="hudson.plugins.disk_usage.DiskUsageOvearallGraphGenerator$DiskUsageRecord$1" serialization="custom">
          <date>
            <long>1420411340562</long>
          </date>
          <hudson.plugins.disk__usage.DiskUsageOvearallGraphGenerator_-DiskUsageRecord_-1>
            <default>
              <outer-class reference="../../../.."/>
            </default>
          </hudson.plugins.disk__usage.DiskUsageOvearallGraphGenerator_-DiskUsageRecord_-1>
        </date>
        <jobsWithoutBuildsUsage>1679315440</jobsWithoutBuildsUsage>
        <allSpace>14385479680</allSpace>
      </hudson.plugins.disk__usage.DiskUsageOvearallGraphGenerator_-DiskUsageRecord>
      <hudson.plugins.disk__usage.DiskUsageOvearallGraphGenerator_-DiskUsageRecord>
        <buildUsage>601996</buildUsage>
        <wsUsage>1721543653</wsUsage>
        <date class="hudson.plugins.disk_usage.DiskUsageOvearallGraphGenerator$DiskUsageRecord$1" serialization="custom">
          <date>
            <long>1445003190367</long>
          </date>
          <hudson.plugins.disk__usage.DiskUsageOvearallGraphGenerator_-DiskUsageRecord_-1>
            <default>
              <outer-class reference="../../../.."/>
            </default>
          </hudson.plugins.disk__usage.DiskUsageOvearallGraphGenerator_-DiskUsageRecord_-1>
        </date>
        <jobsWithoutBuildsUsage>1721686313</jobsWithoutBuildsUsage>
        <allSpace>61966548992</allSpace>
      </hudson.plugins.disk__usage.DiskUsageOvearallGraphGenerator_-DiskUsageRecord>
      <hudson.plugins.disk__usage.DiskUsageOvearallGraphGenerator_-DiskUsageRecord>
        <buildUsage>656644</buildUsage>
        <wsUsage>1723461382</wsUsage>
        <date class="hudson.plugins.disk_usage.DiskUsageOvearallGraphGenerator$DiskUsageRecord$1" serialization="custom">
          <date>
            <long>1445064804115</long>
          </date>
          <hudson.plugins.disk__usage.DiskUsageOvearallGraphGenerator_-DiskUsageRecord_-1>
            <default>
              <outer-class reference="../../../.."/>
            </default>
          </hudson.plugins.disk__usage.DiskUsageOvearallGraphGenerator_-DiskUsageRecord_-1>
        </date>
        <jobsWithoutBuildsUsage>1721667741</jobsWithoutBuildsUsage>
        <allSpace>61966548992</allSpace>
      </hudson.plugins.disk__usage.DiskUsageOvearallGraphGenerator_-DiskUsageRecord>
      <hudson.plugins.disk__usage.DiskUsageOvearallGraphGenerator_-DiskUsageRecord>
        <buildUsage>1122350</buildUsage>
        <wsUsage>1942919843</wsUsage>
        <date class="hudson.plugins.disk_usage.DiskUsageOvearallGraphGenerator$DiskUsageRecord$1" serialization="custom">
          <date>
            <long>1445879485235</long>
          </date>
          <hudson.plugins.disk__usage.DiskUsageOvearallGraphGenerator_-DiskUsageRecord_-1>
            <default>
              <outer-class reference="../../../.."/>
            </default>
          </hudson.plugins.disk__usage.DiskUsageOvearallGraphGenerator_-DiskUsageRecord_-1>
        </date>
        <jobsWithoutBuildsUsage>1943092188</jobsWithoutBuildsUsage>
        <allSpace>61966548992</allSpace>
      </hudson.plugins.disk__usage.DiskUsageOvearallGraphGenerator_-DiskUsageRecord>
      <hudson.plugins.disk__usage.DiskUsageOvearallGraphGenerator_-DiskUsageRecord>
        <buildUsage>1754785</buildUsage>
        <wsUsage>747342685</wsUsage>
        <date class="hudson.plugins.disk_usage.DiskUsageOvearallGraphGenerator$DiskUsageRecord$1" serialization="custom">
          <date>
            <long>1446266746527</long>
          </date>
          <hudson.plugins.disk__usage.DiskUsageOvearallGraphGenerator_-DiskUsageRecord_-1>
            <default>
              <outer-class reference="../../../.."/>
            </default>
          </hudson.plugins.disk__usage.DiskUsageOvearallGraphGenerator_-DiskUsageRecord_-1>
        </date>
        <jobsWithoutBuildsUsage>1943034230</jobsWithoutBuildsUsage>
        <allSpace>61966548992</allSpace>
      </hudson.plugins.disk__usage.DiskUsageOvearallGraphGenerator_-DiskUsageRecord>
    </linked-list>
    <hudson.plugins.disk__usage.DiskUsageProjectActionFactory_-DescriptorImpl_-1>
      <default>
        <outer-class reference="../../../.."/>
      </default>
    </hudson.plugins.disk__usage.DiskUsageProjectActionFactory_-DescriptorImpl_-1>
  </history>
  <timeoutWorkspace>5</timeoutWorkspace>
</hudson.plugins.disk__usage.DiskUsageProjectActionFactory_-DescriptorImpl>